Marital Status,Application mode,Application order,Course,Daytime/evening attendance,Previous qualification,Previous qualification (grade),Nacionality,Mother's qualification,Father's qualification,Mother's occupation,Father's occupation,Admission grade,Displaced,Educational special needs,Debtor,Tuition fees up to date,Gender,Scholarship holder,Age at enrollment,International,Curricular units 1st sem (credited),Curricular units 1st sem (enrolled),Curricular units 1st sem (evaluations),Curricular units 1st sem (approved),Curricular units 1st sem (grade),Curricular units 1st sem (without evaluations),Curricular units 2nd sem (credited),Curricular units 2nd sem (enrolled),Curricular units 2nd sem (evaluations),Curricular units 2nd sem (approved),Curricular units 2nd sem (grade),Curricular units 2nd sem (without evaluations),Unemployment rate,Inflation rate,GDP,Target,Cluster,anomaly_score,is_anomaly
1,51,1,8014,0,42,140.0,1,19,37,134,193,138.0,1,0,1,1,0,1,21,0,13,13,13,11,12.72727273,0,9,11,11,10,12.6,0,8.9,1.4,3.51,Graduate,1,-0.12955211631837316,True
1,43,1,9085,1,1,110.0,25,38,38,9,6,117.2,1,0,0,1,1,0,28,1,13,18,45,18,12.5,12,10,13,26,12,11.42857143,6,15.5,2.8,-4.06,Graduate,1,-0.12225513014407952,True
1,43,1,9500,1,1,148.0,1,29,38,90,3,131.0,1,0,0,1,0,1,22,0,18,23,23,20,14.575,3,18,23,23,20,14.575,3,7.6,2.6,0.32,Graduate,1,-0.11759640302305774,True
1,43,2,9500,1,1,130.0,1,38,37,4,4,126.8,1,0,0,1,1,1,28,0,18,23,23,20,13.5,3,18,23,23,20,13.5,3,7.6,2.6,0.32,Graduate,1,-0.11328476489515693,True
1,42,1,9500,1,6,141.0,1,37,1,9,4,145.0,0,0,0,1,0,0,21,0,12,21,33,18,14.93333333,12,12,21,33,18,14.93333333,12,7.6,2.6,0.32,Graduate,1,-0.10293051498240469,True
1,42,1,9085,1,39,150.0,1,1,1,4,7,150.0,1,0,0,1,0,0,26,0,11,18,45,18,11.83333333,10,9,13,27,13,12.46153846,5,15.5,2.8,-4.06,Graduate,1,-0.0987435603125737,True
1,7,1,33,1,40,120.0,1,38,37,5,6,120.0,1,0,1,0,1,0,25,0,18,21,26,21,12.36363636,0,12,16,21,12,12.25,1,11.1,0.6,2.02,Dropout,1,-0.09805771966369448,True
1,42,1,9500,1,1,150.0,1,19,1,9,3,110.0,1,0,0,1,1,1,33,0,6,14,20,14,13.07285714,6,6,14,20,14,13.07285714,6,9.4,-0.8,-3.12,Graduate,1,-0.08867663614063948,True
2,43,1,8014,0,1,133.1,1,34,34,0,0,100.0,0,0,0,1,0,1,35,0,11,16,16,16,12.6875,0,11,13,13,13,12.0,0,9.4,-0.8,-3.12,Graduate,1,-0.08861106977812427,True
1,53,1,9003,1,42,130.0,1,1,1,144,144,125.8,0,0,1,1,0,0,21,0,7,13,21,11,11.90909091,0,5,11,14,11,10.72727273,0,8.9,1.4,3.51,Graduate,1,-0.0813227068213982,True
1,43,1,9853,1,1,140.0,1,37,37,6,6,125.2,0,0,1,1,0,0,41,0,20,21,23,21,12.33333333,0,19,19,19,19,12.10526316,0,12.4,0.5,1.79,Graduate,1,-0.07864301310290922,True
1,1,1,171,1,1,180.0,41,37,37,9,9,152.7,1,0,1,0,1,0,27,1,0,0,0,0,0.0,0,0,0,0,0,0.0,0,7.6,2.6,0.32,Dropout,2,-0.07784594461041572,True
2,7,1,8014,0,3,130.0,1,35,35,90,90,140.0,0,0,0,0,0,0,59,0,10,15,22,12,13.33333333,0,8,8,8,8,12.875,0,10.8,1.4,1.74,Dropout,1,-0.07583948133803609,True
1,7,1,9003,1,3,130.0,1,1,38,9,7,130.0,1,0,0,0,1,0,32,0,11,17,31,11,12.72727273,4,10,12,24,10,12.7,1,15.5,2.8,-4.06,Dropout,1,-0.0740987008787819,True
1,43,6,9238,1,1,129.0,1,34,34,0,0,125.2,0,0,0,1,0,1,23,0,15,16,18,16,13.0,0,11,13,15,13,13.26666667,0,9.4,-0.8,-3.12,Graduate,1,-0.07269127607043335,True
1,42,1,9500,1,1,168.0,1,37,1,9,4,133.4,1,0,0,1,0,0,23,0,20,26,27,26,15.07777778,0,14,17,17,17,15.02352941,0,15.5,2.8,-4.06,Graduate,1,-0.07147396996207689,True
1,43,1,9238,1,1,142.0,1,34,34,99,99,131.9,0,0,0,1,0,1,29,0,9,16,17,16,12.58823529,0,10,13,14,13,13.35714286,0,9.4,-0.8,-3.12,Graduate,1,-0.07080010359752897,True
1,16,1,9003,1,1,147.0,1,1,37,4,9,140.7,1,0,1,1,0,1,20,0,13,18,19,18,15.05263158,0,11,13,13,13,14.53846154,0,15.5,2.8,-4.06,Graduate,1,-0.07044578730598061,True
1,43,1,8014,0,1,130.0,1,38,3,132,122,100.0,0,0,0,1,1,0,54,0,9,13,14,13,13.30769231,0,7,11,12,11,12.81818182,0,12.7,3.7,-1.7,Enrolled,1,-0.06868122169099677,True
1,39,1,171,1,1,147.0,1,37,38,175,193,133.3,0,0,0,0,0,0,32,0,0,0,0,0,0.0,0,0,0,0,0,0.0,0,16.2,0.3,-0.92,Dropout,2,-0.0684874933802393,True
4,39,1,9500,1,19,110.0,1,37,38,5,5,151.0,0,0,1,0,1,0,47,0,0,7,7,0,0.0,7,0,8,8,0,0.0,8,15.5,2.8,-4.06,Dropout,2,-0.06713741920952232,True
4,43,1,9500,1,19,100.0,1,34,34,0,0,110.0,0,0,0,1,1,0,30,0,11,14,26,12,12.52608696,1,11,14,26,12,12.52608696,1,7.6,2.6,0.32,Graduate,1,-0.06622582858839665,True
1,1,1,171,1,1,168.0,1,38,37,9,8,155.1,1,0,1,0,1,1,18,0,0,0,0,0,0.0,0,0,0,0,0,0.0,0,12.7,3.7,-1.7,Graduate,2,-0.06534542480813232,True
1,15,1,9853,1,1,133.1,41,43,1,153,135,128.2,0,0,0,1,0,0,23,1,11,16,17,16,14.625,0,6,10,12,9,14.88888889,0,8.9,1.4,3.51,Graduate,1,-0.06467834796194505,True
1,1,1,171,1,1,115.0,1,1,1,9,9,134.3,1,0,0,1,1,0,25,0,16,17,19,17,11.61111111,0,14,17,22,17,12.05555556,0,12.4,0.5,1.79,Graduate,1,-0.06269838890021895,True
1,43,1,9853,1,1,140.0,1,3,1,3,3,128.3,1,0,0,1,0,0,35,0,19,21,21,21,12.61904762,0,13,19,19,19,12.78947368,0,12.4,0.5,1.79,Graduate,1,-0.06264533935974714,True
1,44,1,171,1,39,160.0,1,19,38,9,9,160.0,1,0,1,1,1,1,21,0,0,0,0,0,0.0,0,0,0,0,0,0.0,0,15.5,2.8,-4.06,Dropout,2,-0.06035948913213296,True
1,53,1,171,1,42,130.0,1,1,19,9,9,130.0,1,0,0,0,1,1,22,0,5,12,15,11,12.54545455,0,4,11,16,11,12.66666667,0,8.9,1.4,3.51,Graduate,1,-0.059096804034332595,True
1,43,5,9238,1,1,101.0,24,37,19,9,7,119.9,1,0,1,0,0,0,22,1,5,11,16,9,10.88888889,0,2,10,20,4,11.25,1,9.4,-0.8,-3.12,Graduate,1,-0.05873303320468659,True
1,42,1,9853,1,12,133.1,1,1,3,3,2,133.7,0,0,0,1,0,0,28,0,14,18,23,14,12.78571429,2,16,17,18,16,13.875,0,16.2,0.3,-0.92,Dropout,1,-0.05844295494575957,True
1,1,6,9500,1,1,136.0,1,1,1,4,5,123.3,0,0,0,0,0,0,18,0,0,8,8,0,0.0,8,0,8,8,0,0.0,8,9.4,-0.8,-3.12,Dropout,2,-0.057198008919028265,True
1,1,1,171,1,1,131.0,1,1,1,7,4,127.2,1,0,1,1,1,0,23,0,13,17,19,13,12.15384615,0,10,17,28,11,11.90909091,1,11.1,0.6,2.02,Enrolled,1,-0.0561015032615928,True
2,43,1,9991,0,1,130.0,1,37,37,9,9,103.8,0,0,0,1,0,0,28,0,14,15,15,14,11.07142857,0,12,14,16,12,11.33333333,1,9.4,-0.8,-3.12,Dropout,1,-0.0552660004913299,True
4,27,1,9070,1,2,130.0,1,34,34,0,0,130.0,0,0,0,1,0,0,53,0,15,18,18,17,13.17647059,0,13,18,18,16,13.0,0,7.6,2.6,0.32,Dropout,1,-0.05477079206073465,True
1,44,1,9070,1,39,120.0,1,1,19,4,7,120.0,0,0,1,0,1,0,20,0,0,6,11,0,0.0,6,0,6,12,0,0.0,12,16.2,0.3,-0.92,Dropout,2,-0.05411455254453856,True
2,1,1,9003,1,1,120.0,1,37,37,9,9,120.5,1,0,1,1,1,0,35,0,14,17,17,14,10.64285714,1,12,12,12,12,10.66666667,0,15.5,2.8,-4.06,Dropout,1,-0.054066431839395857,True
1,43,1,9991,0,1,130.0,1,37,2,9,4,126.5,1,0,0,0,1,0,23,0,10,15,24,12,11.0,0,10,14,21,11,11.36363636,1,7.6,2.6,0.32,Dropout,1,-0.05334870186884366,True
1,43,1,8014,0,1,145.7,22,37,37,9,9,145.7,1,0,0,1,0,0,25,1,8,16,16,15,13.33333333,0,11,13,13,11,12.27272727,0,13.9,-0.3,0.79,Graduate,1,-0.05160832731485665,True
1,43,1,9853,1,1,130.0,1,2,39,2,5,124.6,0,0,0,1,1,0,37,0,19,21,21,21,12.47619048,0,13,19,19,19,12.21052632,0,12.4,0.5,1.79,Graduate,1,-0.051490404202766626,True
2,43,1,9070,1,2,140.0,1,37,37,6,6,140.0,1,0,0,1,1,0,38,0,14,18,18,18,14.5,0,13,18,18,18,14.5,0,16.2,0.3,-0.92,Graduate,1,-0.051185940670104735,True
1,39,1,171,1,19,133.1,101,1,19,2,7,110.0,0,0,0,1,1,1,25,1,0,0,0,0,0.0,0,0,0,0,0,0.0,0,15.5,2.8,-4.06,Dropout,2,-0.05114966623142059,True
1,1,1,171,1,1,161.0,41,1,1,9,7,163.1,1,0,0,0,0,0,19,1,6,12,12,12,15.25,0,4,11,12,11,15.0,0,8.9,1.4,3.51,Graduate,1,-0.051001244858171035,True
2,42,1,9147,1,1,100.0,1,37,37,9,9,100.0,1,0,0,1,0,0,54,0,13,15,20,13,12.46153846,1,10,13,13,10,11.1,1,15.5,2.8,-4.06,Dropout,1,-0.05028677783946256,True
1,1,1,171,1,3,116.0,1,3,3,2,2,128.2,0,0,0,1,0,0,22,0,12,17,22,17,10.36842105,0,14,17,18,17,11.5,0,11.1,0.6,2.02,Graduate,1,-0.05026704967109863,True
1,1,1,171,1,1,146.0,1,19,37,9,7,153.0,1,0,0,1,0,1,21,0,15,17,18,17,13.38888889,0,15,17,18,17,14.88888889,0,11.1,0.6,2.02,Graduate,1,-0.05000957008487117,True
2,39,1,9003,1,1,150.0,1,37,37,9,6,140.0,0,0,0,1,1,0,60,0,17,18,18,18,14.11111111,0,11,13,13,13,14.23076923,0,15.5,2.8,-4.06,Graduate,1,-0.049722353026742105,True
1,53,1,9991,0,1,140.0,1,38,38,191,193,135.0,0,0,1,1,0,0,23,0,6,11,18,8,12.375,0,3,9,15,5,12.6,0,8.9,1.4,3.51,Enrolled,1,-0.049477574852701545,True
1,43,2,9500,1,1,120.0,1,37,34,90,0,121.5,0,0,1,1,0,0,22,0,11,14,14,12,12.33333333,2,11,14,14,12,12.33333333,2,7.6,2.6,0.32,Graduate,1,-0.0489443287759479,True
2,43,1,9003,1,1,133.1,1,37,37,9,7,136.0,0,0,0,1,1,0,41,0,18,19,19,19,12.68421053,0,12,13,13,13,12.38461538,0,15.5,2.8,-4.06,Graduate,1,-0.048780060479524656,True
1,53,1,9003,1,42,140.0,1,3,38,141,151,135.3,0,0,0,1,1,0,21,0,7,12,18,11,12.09090909,0,5,12,14,11,12.0,0,8.9,1.4,3.51,Graduate,1,-0.04875320767134517,True
1,43,1,9991,0,2,110.0,1,37,37,9,9,112.9,0,0,0,1,0,0,38,0,14,15,16,14,10.92857143,0,12,14,16,12,11.83333333,0,9.4,-0.8,-3.12,Dropout,1,-0.04668584187542901,True
1,39,1,33,1,1,100.0,41,38,37,9,8,100.0,0,0,1,0,1,0,35,1,0,7,18,3,11.25,0,0,7,7,0,0.0,0,16.2,0.3,-0.92,Dropout,2,-0.0460619552103283,True
1,17,1,9003,1,1,120.0,1,38,37,5,9,131.4,1,0,0,1,1,1,23,0,17,18,19,18,11.89473684,0,12,13,13,13,12.92307692,0,15.5,2.8,-4.06,Graduate,1,-0.04535919269182842,True
4,39,1,9003,1,12,133.1,1,37,37,9,6,160.0,0,0,0,1,0,0,43,0,13,18,19,18,14.63157895,0,10,13,14,13,14.23076923,1,15.5,2.8,-4.06,Graduate,1,-0.04461248623153513,True
1,7,1,8014,0,43,180.0,1,19,19,9,4,180.0,0,0,0,1,0,0,37,0,12,14,14,14,16.5,0,8,11,11,11,16.90909091,0,8.9,1.4,3.51,Graduate,1,-0.044533954664736086,True
1,51,1,9147,1,1,140.0,1,19,19,9,7,120.4,0,0,1,0,0,0,32,0,14,15,17,14,10.21428571,0,13,13,13,13,11.38461538,0,16.2,0.3,-0.92,Graduate,1,-0.044055811123094535,True
1,53,1,9003,1,42,130.0,1,1,19,9,7,133.8,0,0,1,1,0,1,24,0,7,12,13,12,12.84615385,0,5,11,13,11,12.63636364,0,8.9,1.4,3.51,Graduate,1,-0.043034152546554294,True
1,18,1,171,1,1,121.0,1,1,1,4,3,116.8,1,0,0,1,0,0,23,0,15,17,18,17,11.5,0,16,17,17,17,12.17647059,0,12.4,0.5,1.79,Graduate,1,-0.04285452493583841,True
1,43,1,9991,0,1,140.0,1,37,37,9,9,135.8,1,0,0,1,1,0,25,0,14,15,16,15,10.8,0,13,14,14,14,11.35714286,0,9.4,-0.8,-3.12,Graduate,1,-0.04237134018110922,True
1,1,4,171,1,1,132.0,1,1,19,4,5,138.0,1,0,1,0,1,0,19,0,0,0,0,0,0.0,0,0,0,0,0,0.0,0,15.5,2.8,-4.06,Dropout,2,-0.04234276735463738,True
2,44,1,8014,0,39,150.0,1,1,1,5,5,154.0,0,0,0,1,1,0,37,0,12,16,17,16,14.125,0,6,11,14,10,13.0,0,12.4,0.5,1.79,Graduate,1,-0.042331623555069364,True
2,39,1,9254,1,19,133.1,1,37,19,9,10,156.5,0,0,0,1,1,0,53,0,7,11,12,2,15.0,7,4,9,10,3,10.0,4,16.2,0.3,-0.92,Graduate,1,-0.04214276458715871,True
1,1,6,9500,1,1,136.0,1,37,1,5,4,120.8,1,0,0,1,0,0,19,0,6,14,22,7,12.19230769,5,6,14,22,7,12.19230769,5,7.6,2.6,0.32,Graduate,1,-0.04207617946144104,True
4,7,1,9238,1,40,130.0,1,34,34,99,99,130.0,0,0,1,1,0,0,41,0,0,6,0,0,0.0,0,0,6,0,0,0.0,0,11.1,0.6,2.02,Dropout,2,-0.0412899149165431,True
1,39,1,9130,1,10,133.1,1,12,36,90,90,128.2,0,0,0,0,1,1,30,0,0,5,13,0,0.0,3,0,5,5,0,0.0,5,9.4,-0.8,-3.12,Dropout,2,-0.04111154225669844,True
1,17,1,171,1,1,146.0,1,1,38,9,9,135.5,1,0,1,1,0,0,22,0,12,17,19,12,11.83333333,0,10,17,22,11,11.25,0,11.1,0.6,2.02,Enrolled,1,-0.04065555495880191,True
2,2,1,9147,1,2,120.0,1,37,37,9,9,120.0,0,0,0,0,1,0,57,0,12,15,17,12,11.75,0,9,14,16,9,12.22222222,0,9.4,-0.8,-3.12,Dropout,1,-0.040390951784544216,True
1,44,1,9130,1,39,150.0,1,2,1,3,6,150.0,1,0,0,1,1,0,22,0,11,18,32,12,12.85714286,1,8,12,15,10,14.3,0,16.2,0.3,-0.92,Graduate,1,-0.03846562844339363,True
4,43,1,9991,0,1,164.0,1,37,37,6,6,131.8,0,0,0,1,0,0,31,0,7,14,19,13,11.35714286,0,9,14,14,13,12.0,1,9.4,-0.8,-3.12,Graduate,1,-0.03751655970067358,True
1,39,1,9003,1,19,133.1,1,37,37,9,7,100.0,0,0,0,1,1,0,35,0,17,18,20,18,11.55555556,0,11,13,13,13,11.61538462,0,15.5,2.8,-4.06,Graduate,1,-0.03670839276859883,True
2,43,1,9147,1,2,120.0,1,37,37,9,9,122.8,0,0,1,0,0,0,42,0,13,13,13,13,11.92307692,0,12,12,12,12,12.5,0,15.5,2.8,-4.06,Dropout,1,-0.035495895277850686,True
1,43,1,8014,0,1,145.0,6,34,34,0,0,134.5,1,0,0,1,1,0,25,1,8,14,23,11,11.6875,0,6,10,20,8,11.14285714,0,9.4,-0.8,-3.12,Graduate,1,-0.035357501725418516,True
1,1,3,171,1,1,129.0,1,38,37,9,3,127.3,1,0,1,0,1,1,19,0,0,0,0,0,0.0,0,0,0,0,0,0.0,0,9.4,-0.8,-3.12,Dropout,2,-0.03526782509124515,True
1,1,2,171,1,1,135.0,1,19,19,4,7,149.0,1,0,0,1,1,0,22,0,14,17,21,17,12.57894737,0,15,17,20,17,12.11764706,0,11.1,0.6,2.02,Graduate,1,-0.035256997682664215,True
2,39,1,9003,1,1,140.0,1,37,37,9,6,104.8,0,0,0,1,0,0,46,0,14,19,24,19,12.21052632,0,11,13,13,13,11.38461538,0,15.5,2.8,-4.06,Graduate,1,-0.03463394374923612,True
1,43,1,9238,1,1,130.0,1,38,19,9,4,118.4,0,0,1,1,0,0,28,0,15,16,16,13,12.07692308,0,13,13,13,11,12.09090909,0,16.2,0.3,-0.92,Graduate,1,-0.03442370451366217,True
1,53,1,9147,1,42,130.0,1,1,19,143,172,133.8,1,0,0,1,0,0,21,0,6,11,17,11,11.54545455,0,3,9,13,8,12.88888889,0,8.9,1.4,3.51,Graduate,1,-0.03384969395606874,True
1,15,1,9119,1,1,160.0,32,1,3,143,152,160.0,0,0,1,1,0,0,19,1,0,6,11,2,13.5,1,0,5,11,2,11.0,0,8.9,1.4,3.51,Enrolled,0,-0.03364607479587656,True
1,43,1,9003,1,1,150.0,1,2,4,4,1,150.0,0,0,0,1,1,0,35,0,16,18,22,18,11.66666667,0,12,13,13,12,11.5,1,15.5,2.8,-4.06,Graduate,1,-0.03353460061699831,True
2,43,1,9991,0,2,120.0,1,37,37,9,9,120.0,0,0,0,0,0,0,38,0,9,12,12,9,12.22222222,2,9,12,12,9,13.0,0,9.4,-0.8,-3.12,Dropout,1,-0.03289143803376715,True
1,7,1,9147,1,40,110.0,1,37,37,9,9,110.0,0,0,0,1,0,0,52,0,11,15,26,14,10.46666667,0,9,12,16,12,10.92307692,0,13.9,-0.3,0.79,Graduate,1,-0.032835480990765165,True
1,1,1,171,1,1,115.0,1,37,37,9,8,129.0,1,0,1,0,0,1,23,0,0,0,0,0,0.0,0,0,0,0,0,0.0,0,9.4,-0.8,-3.12,Dropout,2,-0.03277203586131461,True
1,1,1,171,1,1,151.0,41,3,3,2,5,161.9,1,0,0,1,0,1,19,1,0,0,0,0,0.0,0,0,0,0,0,0.0,0,13.9,-0.3,0.79,Graduate,2,-0.032557556508432506,True
1,15,1,9556,1,1,114.0,26,3,19,122,144,114.0,0,0,0,1,0,0,20,1,0,7,14,0,0.0,6,0,7,12,2,11.66666667,0,8.9,1.4,3.51,Enrolled,0,-0.030940617907579848,True
1,15,1,171,1,1,130.0,26,1,1,2,9,130.0,0,0,0,1,1,0,21,1,6,12,12,12,15.08333333,0,4,11,15,11,13.08333333,0,8.9,1.4,3.51,Enrolled,1,-0.030873510800957127,True
1,18,4,171,1,1,133.0,1,1,4,9,5,129.2,1,0,1,0,1,0,20,0,0,0,0,0,0.0,0,0,0,0,0,0.0,0,9.4,-0.8,-3.12,Dropout,2,-0.030189979439322,True
6,39,1,9991,0,12,130.0,1,37,37,90,90,119.0,1,0,0,0,1,0,55,0,0,5,5,0,0.0,0,0,5,5,0,0.0,0,7.6,2.6,0.32,Dropout,2,-0.030021450500557156,True
1,17,1,171,1,1,140.0,41,1,1,5,7,146.3,1,0,0,1,0,1,18,1,0,0,0,0,0.0,0,0,0,0,0,0.0,0,12.7,3.7,-1.7,Dropout,2,-0.02926903640658307,True
1,44,1,171,1,39,140.0,1,3,3,2,2,140.0,0,0,1,1,1,0,20,0,0,0,0,0,0.0,0,0,0,0,0,0.0,0,15.5,2.8,-4.06,Graduate,2,-0.028813840046321815,True
1,51,1,9147,1,1,160.0,1,1,37,9,10,118.0,0,0,0,1,0,0,53,0,14,15,15,15,11.8,0,12,13,13,12,11.66666667,1,8.9,1.4,3.51,Enrolled,1,-0.028674519489397254,True
1,43,1,9130,1,1,140.0,1,3,3,2,2,140.0,0,0,0,1,0,0,20,0,10,17,29,14,12.5625,4,7,12,24,12,12.85714286,1,15.5,2.8,-4.06,Graduate,1,-0.02866936742010573,True
1,51,1,33,1,1,121.0,1,19,37,5,7,118.6,0,0,0,1,0,0,26,0,14,21,23,20,13.18181818,0,10,14,18,14,11.64285714,0,8.9,1.4,3.51,Graduate,1,-0.028595714558491525,True
1,1,1,171,1,1,124.0,1,1,19,123,103,113.9,1,1,0,1,0,0,19,0,0,0,0,0,0.0,0,0,0,0,0,0.0,0,13.9,-0.3,0.79,Dropout,2,-0.02785946958611807,True
1,1,1,171,1,1,172.0,1,1,1,4,9,167.1,0,0,0,1,1,1,18,0,0,0,0,0,0.0,0,0,0,0,0,0.0,0,16.2,0.3,-0.92,Graduate,2,-0.02774018696299896,True
1,51,1,8014,0,1,121.0,1,1,38,5,7,112.3,0,0,0,1,0,0,22,0,14,16,16,13,10.92307692,0,13,13,13,11,11.45454545,0,16.2,0.3,-0.92,Graduate,1,-0.027444520596854982,True
4,39,1,9670,1,1,140.0,1,2,1,3,9,170.0,0,0,1,0,1,0,53,0,0,6,11,3,14.33333333,0,0,6,6,0,0.0,0,12.7,3.7,-1.7,Dropout,2,-0.02704496425652303,True
1,7,1,8014,0,40,130.0,1,19,1,5,10,130.0,1,0,1,0,0,0,23,0,7,12,12,11,14.0,0,4,10,11,8,14.625,0,13.9,-0.3,0.79,Dropout,1,-0.026503925231674774,True
1,7,1,9500,1,3,130.0,1,37,37,90,90,130.0,1,0,0,1,1,0,30,0,0,8,8,0,0.0,8,0,8,8,0,0.0,8,9.4,-0.8,-3.12,Dropout,2,-0.025551244779601356,True
1,17,4,9670,1,1,110.0,1,19,37,9,99,106.1,1,1,1,0,0,1,18,0,0,6,6,1,11.0,0,0,6,0,0,0.0,0,12.7,3.7,-1.7,Dropout,2,-0.025471127703966978,True
2,53,1,9147,1,42,130.0,1,19,19,175,152,132.4,0,0,0,1,0,0,30,0,6,11,20,9,12.22222222,0,3,9,16,9,11.6,0,8.9,1.4,3.51,Enrolled,1,-0.025422268879993992,True
2,44,1,9085,1,39,160.0,1,37,37,192,192,160.0,0,0,0,1,0,0,27,0,0,5,12,3,14.0,2,0,5,8,5,12.0,1,9.4,-0.8,-3.12,Graduate,0,-0.025241122468709798,True
1,1,1,171,1,1,130.0,1,1,38,5,9,118.1,0,0,1,0,1,0,18,0,0,0,0,0,0.0,0,0,0,0,0,0.0,0,9.4,-0.8,-3.12,Enrolled,2,-0.02324030079100803,True
1,1,1,171,1,1,147.0,1,19,19,3,10,151.9,1,0,0,1,0,0,21,0,13,17,20,17,12.0,0,14,17,18,17,12.66666667,0,11.1,0.6,2.02,Graduate,1,-0.023056983424878497,True
1,1,1,171,1,1,145.0,1,40,1,2,4,160.1,0,0,0,1,0,1,19,0,6,12,12,12,14.5,0,4,11,15,11,13.58333333,0,8.9,1.4,3.51,Graduate,1,-0.022998344237082025,True
1,44,1,9147,1,39,130.0,22,2,37,2,8,130.0,0,0,1,0,1,0,25,1,0,5,6,0,0.0,0,0,5,5,0,0.0,0,15.5,2.8,-4.06,Dropout,2,-0.022863035686558564,True
1,1,2,171,1,1,127.0,1,2,19,5,5,139.6,1,0,1,0,1,1,18,0,0,0,0,0,0.0,0,0,0,0,0,0.0,0,13.9,-0.3,0.79,Dropout,2,-0.02282878154653012,True
1,43,2,9500,1,1,136.0,1,19,1,9,10,124.1,0,0,0,1,1,1,21,0,0,8,8,0,0.0,8,0,8,8,0,0.0,8,9.4,-0.8,-3.12,Enrolled,2,-0.022704558087165982,True
1,7,1,9003,1,3,120.0,1,1,19,4,1,120.0,1,0,0,1,1,0,27,0,14,18,21,18,11.42105263,0,10,13,16,13,11.07692308,1,15.5,2.8,-4.06,Graduate,1,-0.022653565895502825,True
2,39,1,8014,0,19,133.1,1,3,19,90,90,123.5,0,0,0,1,0,0,50,0,0,1,1,0,0.0,1,0,6,0,0,0.0,0,10.8,1.4,1.74,Dropout,2,-0.02259835245345243,True
1,1,1,171,1,1,135.0,1,1,38,5,7,137.5,1,0,1,0,1,0,19,0,0,0,0,0,0.0,0,0,0,0,0,0.0,0,12.7,3.7,-1.7,Graduate,2,-0.02254741369951918,True
1,39,1,171,1,1,133.1,1,37,37,9,7,100.0,0,0,1,1,1,1,33,0,0,0,0,0,0.0,0,0,0,0,0,0.0,0,15.5,2.8,-4.06,Dropout,2,-0.022512487427290062,True
2,39,1,9003,1,1,130.0,1,38,37,9,9,144.0,0,0,0,1,0,0,29,0,13,18,20,18,15.44444444,0,11,13,13,13,15.30769231,0,15.5,2.8,-4.06,Graduate,1,-0.02204485519784738,True
2,43,3,8014,0,19,100.0,1,37,37,9,9,120.0,1,0,0,1,1,0,41,0,5,9,11,9,12.0,0,3,7,8,6,12.0,0,9.4,-0.8,-3.12,Graduate,0,-0.021521876665625772,True
4,39,1,9254,1,1,140.0,1,38,37,9,9,112.0,0,0,1,1,0,0,45,0,4,10,12,5,12.16666667,4,2,8,8,0,0.0,2,12.7,3.7,-1.7,Dropout,2,-0.021516603536130052,True
1,51,1,9991,0,39,120.0,1,1,4,4,10,118.1,0,0,0,1,1,0,28,0,13,15,17,13,12.0,0,9,13,13,9,11.33333333,0,8.9,1.4,3.51,Dropout,1,-0.021045104604536347,True
2,1,1,9147,1,1,133.1,1,34,34,0,0,131.8,0,0,0,1,0,0,24,0,14,15,17,14,11.35714286,0,13,14,15,13,12.84615385,0,7.6,2.6,0.32,Dropout,1,-0.020344935665583264,True
5,42,1,9254,1,2,120.0,1,37,37,4,9,120.0,0,0,0,1,0,0,32,0,9,15,21,13,12.69230769,0,12,15,22,13,12.38461538,0,10.8,1.4,1.74,Graduate,1,-0.020194240279099884,True
2,7,1,9130,1,3,140.0,1,5,4,2,0,140.0,0,0,1,0,0,0,29,0,7,9,16,7,11.55555556,4,5,7,12,5,13.2,2,7.6,2.6,0.32,Dropout,1,-0.02008196006371743,True
1,17,1,171,1,1,125.0,1,37,37,7,9,134.1,1,0,0,1,1,0,24,0,12,17,19,13,11.64285714,0,12,17,25,12,11.25,0,11.1,0.6,2.02,Dropout,1,-0.019545997813686933,True
2,43,1,8014,0,1,130.0,1,34,34,0,0,130.0,0,0,0,1,0,0,45,0,10,12,12,9,12.44444444,3,4,7,8,6,12.0,0,9.4,-0.8,-3.12,Dropout,1,-0.018991226672146366,True
1,43,1,8014,0,1,113.0,1,37,37,0,6,128.2,0,0,0,0,0,0,41,0,0,6,6,0,0.0,6,0,6,12,0,0.0,0,9.4,-0.8,-3.12,Dropout,2,-0.01885030129292109,True
1,43,1,171,1,39,140.0,1,38,37,9,7,140.0,0,0,0,0,1,0,25,0,0,0,0,0,0.0,0,0,0,0,0,0.0,0,15.5,2.8,-4.06,Dropout,2,-0.01808887365316003,True
2,43,1,9991,0,2,120.0,1,37,37,9,8,120.0,0,0,0,1,0,0,36,0,8,12,21,11,11.5,0,7,12,22,12,11.4375,0,9.4,-0.8,-3.12,Enrolled,1,-0.01805990370260846,True
1,42,1,9500,1,1,100.0,1,19,37,5,7,134.3,1,0,0,1,0,0,28,0,12,17,21,17,13.39473684,0,11,17,19,17,13.55473684,0,16.2,0.3,-0.92,Graduate,1,-0.01787897614100009,True
1,18,1,9500,1,1,128.0,1,19,1,9,4,125.8,0,0,0,1,0,1,20,0,0,8,8,0,0.0,8,0,8,8,0,0.0,8,9.4,-0.8,-3.12,Enrolled,2,-0.01778713452563474,True
1,39,1,9003,1,1,130.0,1,38,37,7,7,120.0,0,0,0,1,1,0,32,0,12,18,25,18,13.73684211,0,10,13,15,12,13.75,1,15.5,2.8,-4.06,Graduate,1,-0.01760940626081353,True
4,42,1,9147,1,1,110.0,1,37,37,9,9,128.2,0,0,0,1,0,0,41,0,8,14,24,11,12.25,3,5,10,12,10,13.4,0,9.4,-0.8,-3.12,Graduate,1,-0.017387676013360664,True
1,7,0,9003,1,3,130.0,1,1,37,4,9,130.0,1,0,0,1,0,0,23,0,10,17,28,17,13.15,2,8,12,22,12,13.21428571,0,15.5,2.8,-4.06,Graduate,1,-0.017240122202603958,True
1,43,1,9991,0,3,120.0,1,37,37,9,9,120.0,0,0,0,1,0,0,37,0,7,14,21,12,11.83333333,0,11,12,15,11,11.36363636,0,12.7,3.7,-1.7,Graduate,1,-0.017079664799603766,True
1,7,1,9500,1,3,120.0,1,37,37,4,5,120.0,0,0,1,0,0,0,28,0,0,7,7,0,0.0,7,0,7,7,0,0.0,7,13.9,-0.3,0.79,Dropout,2,-0.01661886466151452,True
1,17,4,171,1,1,172.0,1,3,1,2,10,155.6,1,0,0,1,1,0,19,0,0,0,0,0,0.0,0,0,0,0,0,0.0,0,9.4,-0.8,-3.12,Dropout,2,-0.016617380831697615,True
2,18,2,8014,0,1,140.0,1,37,37,9,10,120.4,0,0,1,0,0,0,39,0,0,5,5,0,0.0,0,0,4,4,0,0.0,0,9.4,-0.8,-3.12,Dropout,2,-0.016455109383921473,True
1,39,1,9773,1,19,133.1,1,19,19,171,163,104.0,0,0,1,0,0,1,24,0,0,6,6,6,13.5,0,0,6,6,6,13.0,0,11.1,0.6,2.02,Graduate,0,-0.016453238982492957,True
1,1,1,171,1,1,159.0,1,3,1,4,4,162.2,1,0,1,0,0,0,18,0,0,0,0,0,0.0,0,0,0,0,0,0.0,0,12.4,0.5,1.79,Dropout,2,-0.01634904410413074,True
1,1,5,171,1,1,160.0,1,1,1,4,4,139.7,0,0,0,1,1,0,18,0,0,0,0,0,0.0,0,0,0,0,0,0.0,0,12.7,3.7,-1.7,Dropout,2,-0.016226490060967658,True
1,53,1,9003,1,42,150.0,1,1,38,8,8,150.0,0,0,0,1,0,1,23,0,7,12,14,12,14.38461538,0,5,10,12,10,13.3,0,8.9,1.4,3.51,Graduate,1,-0.01604079100588407,True
2,43,1,9991,0,3,140.0,1,37,19,9,4,140.0,0,0,1,1,0,0,34,0,4,10,25,5,12.2,0,3,9,18,8,12.22222222,0,16.2,0.3,-0.92,Dropout,1,-0.015832660733463788,True
1,44,1,9238,1,39,140.0,41,1,1,4,6,137.5,0,0,1,1,0,1,23,1,3,6,7,6,13.14285714,0,2,6,6,6,14.0,0,12.4,0.5,1.79,Graduate,0,-0.015801475143750632,True
1,1,1,171,1,1,133.1,1,1,37,9,9,117.0,0,0,1,1,1,0,19,0,0,0,0,0,0.0,0,0,0,0,0,0.0,0,15.5,2.8,-4.06,Enrolled,2,-0.015559042328214923,True
1,1,1,171,1,1,147.0,1,1,12,4,4,148.4,1,0,0,1,1,1,20,0,8,14,15,12,10.92307692,0,7,13,14,11,12.18181818,0,11.1,0.6,2.02,Graduate,1,-0.015073171575100908,True
1,17,1,9003,1,1,125.0,1,3,3,2,2,100.0,0,0,0,1,1,0,27,0,16,18,19,18,12.22222222,0,9,12,15,12,12.38461538,0,15.5,2.8,-4.06,Graduate,1,-0.015058449871452217,True
1,39,1,8014,0,19,133.1,1,19,19,144,141,131.5,0,0,1,1,0,1,39,0,0,6,9,6,11.83333333,0,0,6,9,4,13.75,0,11.1,0.6,2.02,Graduate,0,-0.01500343407259519,True
1,1,3,171,1,1,139.0,1,37,19,9,8,142.2,1,0,0,1,1,1,20,0,6,12,12,12,14.58333333,0,4,11,14,11,14.33333333,0,8.9,1.4,3.51,Graduate,1,-0.014999088216367529,True
1,1,1,171,1,1,137.0,1,1,3,3,7,146.5,1,0,1,1,1,0,19,0,6,12,13,11,12.0,0,4,11,15,10,11.18181818,0,8.9,1.4,3.51,Enrolled,1,-0.014711097020188024,True
1,43,3,9500,1,1,139.0,1,38,37,9,8,146.5,0,0,0,1,0,0,21,0,11,14,26,12,13.4173913,1,11,14,26,12,13.4173913,1,7.6,2.6,0.32,Graduate,1,-0.01460284098240816,True
2,39,1,9556,1,19,133.1,1,38,37,7,7,99.5,1,0,1,0,0,1,37,0,0,7,13,1,16.0,0,0,7,12,0,0.0,0,8.9,1.4,3.51,Dropout,0,-0.014324209240342278,True
1,1,4,171,1,1,146.0,1,1,1,9,5,151.3,1,0,0,1,0,1,19,0,6,12,12,12,12.75,0,4,11,16,11,13.25,0,8.9,1.4,3.51,Graduate,1,-0.01421134791464651,True
1,43,1,8014,0,1,161.0,1,19,37,4,10,100.0,0,0,0,1,1,0,44,0,9,13,18,13,11.84615385,0,9,11,11,11,12.0,0,12.7,3.7,-1.7,Graduate,1,-0.013958457604757779,True
1,39,1,9556,1,1,133.1,6,3,3,4,4,169.2,0,0,1,0,0,0,54,1,0,7,7,0,0.0,0,0,5,10,0,0.0,0,12.4,0.5,1.79,Dropout,2,-0.013666469701192785,True
1,44,1,171,1,39,150.0,1,4,4,2,2,150.0,0,0,0,1,1,0,25,0,0,0,0,0,0.0,0,0,0,0,0,0.0,0,15.5,2.8,-4.06,Graduate,2,-0.013586760377819251,True
1,1,3,171,1,1,115.0,1,9,1,6,6,108.7,1,0,0,0,0,0,21,0,0,0,0,0,0.0,0,0,0,0,0,0.0,0,9.4,-0.8,-3.12,Dropout,2,-0.0135080714564344,True
1,1,1,171,1,1,170.0,1,38,19,9,2,160.6,1,0,0,1,1,1,18,0,0,0,0,0,0.0,0,0,0,0,0,0.0,0,12.7,3.7,-1.7,Graduate,2,-0.013391989457651743,True
1,1,6,171,1,1,134.0,1,19,37,5,5,126.0,1,0,0,1,0,1,18,0,0,0,0,0,0.0,0,0,0,0,0,0.0,0,9.4,-0.8,-3.12,Graduate,2,-0.013271400259589505,True
1,39,1,9003,1,1,100.0,1,1,3,9,10,120.0,0,0,1,0,1,0,44,0,2,7,14,4,12.0,2,0,6,16,0,0.0,1,15.5,2.8,-4.06,Dropout,2,-0.01315877856733505,True
1,53,1,9085,1,42,140.0,1,19,38,8,9,144.9,1,0,1,0,0,0,23,0,7,11,18,11,13.16666667,0,4,9,15,8,13.33333333,0,8.9,1.4,3.51,Enrolled,1,-0.012654181260613795,True
1,44,1,9003,1,39,140.0,1,38,1,134,134,140.0,1,0,1,1,1,0,26,0,0,6,6,0,0.0,0,0,6,7,0,0.0,0,8.9,1.4,3.51,Enrolled,2,-0.012231722876399065,True
2,43,1,9991,0,1,110.0,1,37,37,9,9,132.5,0,0,0,1,1,0,37,0,7,12,13,12,12.25,0,8,13,13,13,12.84615385,0,9.4,-0.8,-3.12,Graduate,1,-0.01219107069087122,True
1,43,4,8014,0,1,116.0,1,34,34,0,0,116.2,0,0,0,1,1,0,21,0,9,11,11,11,12.45454545,0,3,11,17,8,12.75,0,9.4,-0.8,-3.12,Graduate,1,-0.012185250887508992,True
2,39,1,9085,1,1,133.1,1,36,36,99,5,128.2,0,0,0,0,0,1,28,0,0,5,14,1,12.0,3,0,5,5,0,0.0,5,9.4,-0.8,-3.12,Dropout,2,-0.011965535109146108,True
1,7,3,9130,1,3,130.0,1,37,26,90,10,130.0,0,0,0,0,1,0,41,0,0,5,9,0,0.0,4,0,5,9,0,0.0,3,10.8,1.4,1.74,Dropout,2,-0.011862906174532228,True
1,1,6,171,1,1,126.0,1,10,10,4,4,130.2,1,0,0,1,1,1,18,0,0,0,0,0,0.0,0,0,0,0,0,0.0,0,9.4,-0.8,-3.12,Dropout,2,-0.01173873663237568,True
5,43,1,9991,0,3,130.0,1,3,3,1,1,130.0,0,0,0,1,0,0,41,0,5,10,14,10,14.63636364,0,5,10,13,10,14.6,0,16.2,0.3,-0.92,Graduate,1,-0.011623981666789462,True
2,39,1,9070,1,12,110.0,1,37,38,5,10,130.0,0,0,1,0,1,1,46,0,0,6,6,0,0.0,0,0,6,6,0,0.0,0,15.5,2.8,-4.06,Dropout,2,-0.01161923445992441,True
4,43,2,9991,0,38,133.1,1,3,1,2,9,125.4,0,0,0,1,1,0,39,0,0,2,5,0,0.0,0,0,4,4,0,0.0,0,10.8,1.4,1.74,Dropout,2,-0.011535214058970733,True
3,39,1,9003,1,1,170.0,1,1,37,6,6,170.0,0,0,1,1,0,0,47,0,0,1,1,0,0.0,0,0,6,0,0,0.0,0,8.9,1.4,3.51,Enrolled,2,-0.011440721741321935,True
5,39,1,9147,1,1,180.0,1,1,1,4,8,140.5,0,0,1,0,0,0,24,0,0,5,0,0,0.0,0,0,5,0,0,0.0,0,13.9,-0.3,0.79,Dropout,2,-0.011392023748292623,True
4,39,1,9500,1,19,133.1,1,37,37,5,7,100.0,0,0,0,0,0,0,40,0,0,8,11,5,11.832,4,0,8,11,5,11.832,4,9.4,-0.8,-3.12,Dropout,0,-0.011307363981168939,True
2,51,1,8014,0,19,133.1,1,37,37,9,9,104.0,0,0,1,1,0,0,42,0,5,11,14,10,11.9,0,5,11,14,10,12.8,0,11.1,0.6,2.02,Enrolled,1,-0.011125642916854583,True
1,17,1,9003,1,1,133.0,1,38,37,9,9,125.3,1,0,0,1,0,0,21,0,12,18,22,18,11.88888889,1,11,13,13,13,11.46153846,0,15.5,2.8,-4.06,Graduate,1,-0.010754774340348772,True
2,39,1,9003,1,1,111.0,1,1,3,4,2,162.4,0,0,1,0,1,0,49,0,4,12,16,5,11.6,0,2,7,7,5,11.2,0,8.9,1.4,3.51,Dropout,0,-0.010744444672952658,True
1,17,3,9254,1,1,114.0,26,38,3,9,3,127.3,1,0,1,0,0,0,20,1,0,6,14,3,12.33333333,0,0,6,16,0,0.0,0,10.8,1.4,1.74,Dropout,0,-0.010425522631640649,True
1,53,1,9085,1,42,140.0,1,1,3,4,2,142.8,1,0,0,0,0,1,20,0,7,12,15,11,13.38461538,0,4,9,13,7,14.28571429,0,8.9,1.4,3.51,Graduate,1,-0.010132252078204673,True
1,1,2,171,1,1,131.0,41,19,1,4,7,131.4,1,0,0,1,1,0,20,1,0,0,0,0,0.0,0,0,0,0,0,0.0,0,7.6,2.6,0.32,Graduate,2,-0.009946655776099877,True
1,7,1,9085,1,40,140.0,1,5,3,2,2,140.0,0,0,1,1,1,0,27,0,8,13,13,8,13.5,2,5,11,12,5,14.4,0,11.1,0.6,2.02,Dropout,1,-0.009729709624537675,True
1,43,1,9238,1,1,117.0,1,34,34,0,0,109.3,0,0,0,1,0,0,30,0,9,16,19,15,12.26666667,0,11,13,14,13,12.07142857,0,9.4,-0.8,-3.12,Graduate,1,-0.009719792575878405,True
4,17,5,8014,0,1,100.0,1,19,19,90,90,107.0,0,0,0,1,0,0,38,0,0,5,12,1,10.0,0,0,5,10,0,0.0,0,10.8,1.4,1.74,Dropout,2,-0.009308591128819543,True
1,18,4,9085,1,1,170.0,1,1,1,4,5,166.6,0,0,1,0,0,1,20,0,2,5,8,5,14.4,1,0,5,6,5,14.0,0,12.7,3.7,-1.7,Dropout,0,-0.008881874015873259,True
2,57,1,9991,0,1,133.1,41,38,37,4,6,100.0,0,0,0,1,0,0,37,1,5,10,11,7,13.42857143,0,5,10,11,10,11.6,0,8.9,1.4,3.51,Graduate,1,-0.008796448622088837,True
1,1,1,9147,1,1,108.0,41,3,3,9,9,107.0,0,0,1,0,0,0,19,1,0,5,14,0,0.0,0,0,5,5,0,0.0,0,8.9,1.4,3.51,Dropout,2,-0.008188729790399418,True
1,43,1,9147,1,1,141.0,1,37,37,9,9,130.2,0,0,0,1,1,0,24,0,10,15,16,15,13.46666667,1,10,14,14,14,13.64285714,0,9.4,-0.8,-3.12,Graduate,1,-0.00789320871882615,True
1,42,1,9991,0,1,150.0,1,19,19,5,5,113.7,0,0,0,1,1,0,30,0,11,15,15,13,11.46153846,0,6,11,15,10,11.58333333,1,16.2,0.3,-0.92,Graduate,1,-0.0077503124038329485,True
1,17,2,171,1,1,130.0,41,1,1,2,3,148.6,1,0,0,1,1,0,20,1,0,0,0,0,0.0,0,0,0,0,0,0.0,0,11.1,0.6,2.02,Dropout,2,-0.0077349517505852505,True
5,39,1,9003,1,1,180.0,1,1,1,4,8,179.6,0,0,1,0,0,0,27,0,0,6,6,0,0.0,0,0,6,7,0,0.0,0,8.9,1.4,3.51,Dropout,2,-0.00704027674514951,True
2,39,1,9991,0,12,133.1,1,37,34,90,90,110.7,1,0,0,1,0,0,50,0,0,5,0,0,0.0,0,0,5,0,0,0.0,0,7.6,2.6,0.32,Dropout,2,-0.006797475017209953,True
2,43,1,9991,0,1,150.0,1,38,19,3,3,120.1,0,0,0,0,0,0,39,0,11,15,15,12,11.91666667,0,8,13,14,8,11.25,0,10.8,1.4,1.74,Dropout,1,-0.006453017648816117,True
2,43,1,9238,1,12,100.0,1,37,37,9,9,134.4,0,0,0,1,0,0,34,0,9,16,20,14,12.07142857,1,11,13,13,11,12.27272727,0,7.6,2.6,0.32,Graduate,1,-0.005532468770735655,True
1,39,1,9130,1,1,133.1,1,1,1,90,1,120.0,1,0,1,0,1,0,41,0,0,5,5,0,0.0,1,0,5,5,0,0.0,5,12.7,3.7,-1.7,Dropout,2,-0.005300199380202653,True
4,39,1,8014,0,19,133.1,1,37,37,9,9,95.0,0,0,1,0,0,0,50,0,0,6,11,0,0.0,0,0,5,6,0,0.0,0,8.9,1.4,3.51,Dropout,2,-0.005225994661718136,True
1,43,4,171,1,1,117.0,1,19,12,9,10,109.3,0,0,0,1,1,0,19,0,0,0,0,0,0.0,0,0,0,0,0,0.0,0,9.4,-0.8,-3.12,Graduate,2,-0.00511870663269598,True
1,44,1,9238,1,39,140.0,1,37,19,191,102,136.1,1,0,1,1,0,0,21,0,3,6,8,3,12.0,0,2,6,6,2,12.5,0,12.4,0.5,1.79,Enrolled,0,-0.0045847807431975696,True
1,7,1,9853,1,3,130.0,1,37,37,9,9,130.0,0,0,0,1,0,0,28,0,14,15,25,14,12.42857143,1,8,14,22,11,11.90909091,0,7.6,2.6,0.32,Dropout,1,-0.004555244954965065,True
4,39,1,9670,1,1,110.0,1,19,19,90,99,107.2,0,0,0,1,1,0,42,0,0,6,0,0,0.0,0,0,6,0,0,0.0,0,12.7,3.7,-1.7,Dropout,2,-0.004412364962036119,True
1,17,1,171,1,1,145.0,1,4,4,3,3,143.6,0,0,1,1,1,0,19,0,5,12,12,10,12.7,0,4,11,16,10,12.27272727,0,8.9,1.4,3.51,Enrolled,1,-0.00428314077202685,True
2,39,1,8014,0,1,140.0,1,37,3,9,10,172.0,0,0,0,1,1,0,44,0,5,11,21,9,12.33333333,0,8,11,16,9,11.0,0,12.4,0.5,1.79,Enrolled,1,-0.004227543201179906,True
1,7,1,171,1,3,130.0,1,1,2,9,2,130.0,0,0,0,0,1,0,18,0,0,0,0,0,0.0,0,0,0,0,0,0.0,0,9.4,-0.8,-3.12,Dropout,2,-0.004207914843796234,True
1,1,4,171,1,1,131.0,1,19,19,4,4,119.8,1,1,0,1,0,0,22,0,0,0,0,0,0.0,0,0,0,0,0,0.0,0,16.2,0.3,-0.92,Graduate,2,-0.0036830982734714635,True
1,7,1,9254,1,40,130.0,1,1,1,3,6,130.0,0,0,0,1,0,0,39,0,12,13,14,13,13.76923077,0,9,12,16,12,14.58333333,0,13.9,-0.3,0.79,Graduate,1,-0.0036012873956161595,True
1,1,1,171,1,1,114.0,1,3,29,3,5,111.9,0,0,0,0,1,0,18,0,0,0,0,0,0.0,0,0,0,0,0,0.0,0,9.4,-0.8,-3.12,Dropout,2,-0.00351933833051965,True
1,39,1,9003,1,1,140.0,41,1,1,9,9,100.0,0,0,1,0,0,0,29,1,3,9,9,3,14.33333333,0,1,7,8,1,14.0,0,15.5,2.8,-4.06,Dropout,0,-0.003224670771695637,True
4,43,1,9853,1,1,133.1,100,19,22,90,90,100.0,0,0,0,1,0,0,33,1,0,6,6,6,12.16666667,0,0,6,9,3,11.0,0,7.6,2.6,0.32,Dropout,0,-0.0031929451605052783,True
1,43,1,8014,0,3,133.1,1,9,9,90,90,130.0,0,0,0,1,0,0,26,0,8,11,16,10,11.8,0,3,7,7,7,13.28571429,0,7.6,2.6,0.32,Graduate,1,-0.0025832685100818376,True
1,51,1,8014,0,1,120.0,1,1,1,4,4,128.5,0,0,1,0,1,0,26,0,2,8,13,4,10.5,0,5,10,16,7,10.42857143,0,12.4,0.5,1.79,Dropout,1,-0.0023647140087256213,True
1,39,1,9500,1,19,133.1,1,1,3,2,2,100.0,0,0,1,1,1,0,24,0,0,7,21,0,0.0,3,0,7,7,0,0.0,0,16.2,0.3,-0.92,Dropout,2,-0.002338288631723917,True
1,1,1,171,1,1,169.0,1,19,37,9,7,176.0,1,0,0,1,0,1,18,0,0,0,0,0,0.0,0,0,0,0,0,0.0,0,12.4,0.5,1.79,Graduate,2,-0.00218831239916939,True
1,39,1,9003,1,1,130.0,1,1,3,2,6,110.0,0,0,0,1,1,0,32,0,8,18,27,13,13.71428571,1,7,12,18,12,12.08333333,0,15.5,2.8,-4.06,Graduate,1,-0.002107781320161428,True
1,39,1,9085,1,1,140.0,1,37,19,191,163,129.3,1,0,1,1,0,0,28,0,0,6,17,0,0.0,0,0,6,6,0,0.0,0,8.9,1.4,3.51,Enrolled,2,-0.0020945342359127705,True
1,1,1,171,1,1,127.0,1,1,1,4,3,126.3,1,0,1,1,1,0,21,0,0,0,0,0,0.0,0,0,0,0,0,0.0,0,16.2,0.3,-0.92,Dropout,2,-0.0020050311884058925,True
1,1,1,171,1,1,174.0,1,5,3,3,3,157.9,0,0,0,1,0,0,18,0,0,0,0,0,0.0,0,0,0,0,0,0.0,0,13.9,-0.3,0.79,Graduate,2,-0.0020009704491120717,True
1,16,1,171,1,1,145.0,1,3,3,3,3,155.0,1,0,0,1,0,0,24,0,11,17,19,11,12.90909091,0,9,13,15,9,13.55555556,0,12.4,0.5,1.79,Enrolled,1,-0.001855944579814195,True
1,39,1,9556,1,1,120.0,1,38,38,191,193,120.0,0,0,1,1,0,1,24,0,0,7,13,7,11.0,0,0,8,13,7,11.7,0,12.7,3.7,-1.7,Graduate,0,-0.0017917094425147218,True
1,1,1,171,1,1,127.0,1,37,38,9,9,120.7,1,0,1,1,1,0,18,0,0,0,0,0,0.0,0,0,0,0,0,0.0,0,7.6,2.6,0.32,Dropout,2,-0.001388006216110571,True
1,1,1,171,1,1,140.0,1,19,37,5,6,137.9,1,0,1,0,0,0,18,0,0,0,0,0,0.0,0,0,0,0,0,0.0,0,8.9,1.4,3.51,Dropout,2,-0.0013447490594217237,True
1,1,1,171,1,1,170.0,1,19,19,8,8,176.7,1,0,0,1,0,1,19,0,0,0,0,0,0.0,0,0,0,0,0,0.0,0,11.1,0.6,2.02,Dropout,2,-0.0009492653609839419,True
4,39,2,9670,1,19,133.1,1,19,1,90,90,103.0,0,0,0,0,1,0,34,0,0,6,6,0,0.0,0,0,6,9,0,0.0,0,10.8,1.4,1.74,Dropout,2,-0.0006375779119730529,True
1,1,1,171,1,1,188.0,1,3,3,2,2,178.3,1,0,0,1,0,0,18,0,0,0,0,0,0.0,0,0,0,0,0,0.0,0,15.5,2.8,-4.06,Dropout,2,-0.0004924068752757416,True
1,43,1,9003,1,1,130.0,1,1,2,4,2,130.0,0,0,0,1,1,0,28,0,9,18,36,17,13.05882353,1,6,12,15,12,12.30769231,0,15.5,2.8,-4.06,Graduate,1,-0.0003733731562609588,True
4,39,1,8014,0,1,138.0,1,19,19,90,90,127.0,0,0,0,0,0,0,37,0,0,4,4,0,0.0,0,0,5,10,0,0.0,0,10.8,1.4,1.74,Dropout,2,-0.00035096145855495475,True
1,43,1,9003,1,1,130.0,1,37,1,5,4,130.0,0,0,0,1,1,0,25,0,8,14,24,8,12.5,2,6,13,23,10,11.6,0,15.5,2.8,-4.06,Dropout,1,-0.00033745044592559115,True
1,44,1,9254,1,39,130.0,1,39,39,194,193,130.0,1,0,1,1,1,0,23,0,0,6,12,3,11.5,0,0,6,12,3,10.66666667,0,8.9,1.4,3.51,Enrolled,0,-0.00029531552552830576,True
1,17,1,9773,1,1,177.0,1,2,1,123,135,155.7,0,0,1,1,0,1,18,0,0,6,6,6,15.66666667,0,0,6,6,6,13.83333333,0,8.9,1.4,3.51,Graduate,0,-0.00015255945539149884,True
2,43,1,8014,0,14,133.1,1,34,34,0,0,100.0,0,0,0,0,0,0,34,0,3,7,13,3,12.0,0,2,7,15,1,13.0,1,9.4,-0.8,-3.12,Dropout,0,-9.432994031355335e-05,True
1,39,1,9003,1,4,160.0,1,3,3,4,2,180.4,0,0,1,1,1,0,24,0,6,12,17,6,12.16666667,0,7,12,14,10,13.3,0,12.4,0.5,1.79,Dropout,1,-1.3055443829346203e-05,True
