t-SNE_1,t-SNE_2,Target
-17.517149,-32.83503,Graduate
-14.689716,-16.112484,Graduate
55.001244,12.149481,Graduate
-33.729618,-34.378487,Dropout
0.678999,-12.900539,Graduate
51.51785,12.671004,Graduate
4.479766,13.993469,Graduate
-46.18562,4.723917,Enrolled
44.515232,-18.417587,Graduate
31.053871,-7.1177187,Enrolled
32.364834,-9.718923,Graduate
-31.586477,-21.839413,Enrolled
-11.905963,-15.900734,Graduate
-19.84177,-13.303138,Graduate
26.552998,-9.065266,Enrolled
-28.993652,-27.96539,Enrolled
-51.71804,27.258888,Graduate
-2.2028654,-24.245747,Graduate
-26.992382,-32.753777,Dropout
-9.72198,-18.452738,Graduate
3.6553586,38.127785,Graduate
11.752781,32.415363,Graduate
43.509758,10.627757,Enrolled
-41.441666,-11.271474,Enrolled
-53.181355,25.62122,Dropout
44.77838,-18.705685,Graduate
40.74758,-9.081789,Graduate
32.169407,-2.299317,Graduate
-34.161724,6.2737894,Enrolled
-16.190212,20.544651,Enrolled
39.706093,-14.07217,Graduate
-33.084335,-12.713292,Graduate
-39.97916,-25.337797,Dropout
-9.689057,7.6916156,Enrolled
-3.8650138,23.501116,Graduate
26.109716,-6.110392,Enrolled
6.228736,-17.8551,Graduate
-31.717781,3.4808047,Enrolled
-6.4048057,-24.223484,Graduate
9.16318,-19.321789,Graduate
30.741789,1.1611552,Enrolled
-47.420673,5.0799174,Enrolled
-38.499973,5.131878,Enrolled
-16.967121,-11.071326,Graduate
-40.342773,8.692256,Dropout
-0.20778781,14.572777,Graduate
36.6951,19.488825,Graduate
26.077377,30.666943,Enrolled
-3.9178467,-10.428275,Graduate
44.577267,3.8391244,Dropout
-8.212341,-19.409513,Graduate
-30.649166,-37.69437,Dropout
-23.508072,-8.975098,Graduate
38.858604,5.6058927,Enrolled
14.397731,24.178333,Graduate
49.78478,11.706444,Graduate
-33.160744,-6.018197,Dropout
1.3485247,-4.033108,Graduate
51.75098,1.2899902,Graduate
-17.863655,-10.858625,Graduate
-37.458546,-10.545518,Enrolled
3.3672867,-22.393778,Graduate
-37.654434,12.70025,Dropout
-33.392143,-14.84966,Dropout
-1.0218995,15.297335,Graduate
6.12293,35.94222,Graduate
-29.696281,-5.3451757,Graduate
1.714594,-7.675083,Dropout
52.53162,13.268421,Graduate
45.218544,-11.333784,Graduate
-13.010837,-9.977549,Graduate
3.4439578,35.130985,Graduate
-32.07252,-2.477003,Graduate
-38.284664,10.484368,Dropout
43.930523,-12.3421135,Graduate
-2.2912068,-13.572102,Graduate
-30.848806,-39.795784,Dropout
-27.868084,-11.264652,Enrolled
-14.244323,19.676996,Graduate
-35.98921,-39.721706,Dropout
24.618526,28.814137,Graduate
8.983898,28.076742,Graduate
32.31276,-10.013608,Graduate
-7.4735713,29.197014,Graduate
-34.193905,-2.8533688,Graduate
46.8701,-11.713808,Graduate
-7.2396755,2.463702,Graduate
48.605755,11.778765,Graduate
24.000317,24.519497,Graduate
18.893818,16.978611,Graduate
-15.837284,10.158333,Graduate
0.5405762,20.19296,Graduate
2.7600703,14.225368,Graduate
-38.198097,7.052081,Dropout
32.729023,6.7714286,Graduate
49.98743,-1.0099378,Graduate
12.41003,21.17956,Graduate
25.537432,-2.7236292,Graduate
-16.097939,2.3884895,Graduate
-13.280219,-10.214941,Graduate
-7.4847164,31.891167,Graduate
25.053114,21.406809,Graduate
14.686761,18.170488,Graduate
24.21606,36.569073,Graduate
22.991362,-10.599914,Enrolled
-2.1270826,17.16373,Graduate
44.01304,6.806825,Graduate
-28.609415,-5.5634794,Graduate
40.634586,9.770107,Graduate
-11.588242,-19.290058,Enrolled
28.125795,25.633902,Dropout
-7.3428493,-3.3453286,Graduate
-10.393976,-17.596878,Enrolled
1.0775899,25.560934,Graduate
-7.5477486,33.011295,Graduate
0.50605214,-6.058156,Graduate
-2.3924396,-16.760027,Graduate
-27.519163,5.5119543,Graduate
3.9211323,39.835827,Graduate
18.061209,29.030375,Graduate
-41.68673,-24.610254,Dropout
-8.375609,2.754783,Graduate
14.227158,-9.23751,Graduate
34.94585,-14.557076,Graduate
-36.047825,11.909603,Dropout
52.69608,-0.03974385,Enrolled
53.526314,10.581062,Graduate
7.8572264,29.641518,Graduate
0.5036356,6.525654,Enrolled
29.7652,-18.453535,Graduate
-39.637337,-13.866007,Dropout
17.096895,24.732414,Graduate
-11.712141,-2.6255288,Graduate
6.195952,20.836618,Graduate
57.95199,7.401548,Graduate
-34.968037,-39.38718,Dropout
-29.43745,-4.373381,Enrolled
-18.789165,-37.566376,Graduate
-42.426003,8.955118,Dropout
-0.7698487,17.47435,Graduate
11.702204,-14.641427,Graduate
48.65426,-0.9074306,Graduate
36.820026,-16.640123,Graduate
6.4529004,26.592752,Graduate
49.47373,-14.400811,Enrolled
35.407177,-20.887749,Graduate
-29.198177,-1.5369502,Graduate
-30.646297,-31.847757,Graduate
-18.47169,1.1072927,Enrolled
28.688503,-7.693859,Enrolled
-10.639451,-16.165915,Graduate
15.261325,22.335386,Graduate
-2.3784497,5.038132,Graduate
1.588944,-17.213,Graduate
-35.76607,-7.6253524,Dropout
12.076811,31.515978,Graduate
5.6636696,-12.994291,Graduate
-38.236187,-30.343506,Dropout
55.70523,14.202631,Graduate
-37.741463,-0.5852352,Enrolled
11.541823,13.4748745,Graduate
47.954567,-3.626226,Graduate
24.120672,-16.762722,Enrolled
-46.5182,4.343695,Enrolled
2.3367388,34.686092,Graduate
-15.314809,0.65553576,Graduate
4.323204,-21.654575,Graduate
-19.439812,4.484895,Enrolled
30.704447,7.8180776,Enrolled
-41.10954,-24.917612,Dropout
-27.974476,-32.009132,Dropout
-46.568985,4.1962605,Enrolled
-42.347317,-9.009501,Enrolled
-21.757755,-16.166183,Enrolled
39.47432,-8.922773,Graduate
10.331133,0.51703936,Graduate
47.213345,4.335228,Graduate
30.013077,-9.562049,Graduate
16.642403,27.026718,Graduate
36.62564,19.642654,Graduate
-36.23256,-7.529057,Dropout
49.614285,-0.81791836,Graduate
7.9307914,-22.1155,Graduate
-39.0383,4.1819234,Enrolled
-27.58574,-2.2835882,Graduate
45.406452,8.44237,Graduate
4.8138576,18.90921,Graduate
8.398759,0.47746652,Graduate
-3.0112662,24.909739,Enrolled
13.259656,15.055728,Graduate
-39.389877,-26.830204,Enrolled
-21.55126,-8.879592,Graduate
12.252345,25.089052,Graduate
50.475277,-3.4765182,Graduate
44.64467,-18.004047,Dropout
-6.4583135,-12.231186,Graduate
4.70699,24.349365,Enrolled
38.96001,-6.640108,Graduate
44.25898,-17.647808,Graduate
-24.275211,-13.931116,Enrolled
-16.139656,20.798134,Dropout
3.8272467,31.456417,Graduate
13.363438,-13.331111,Graduate
-24.340233,12.209236,Graduate
-24.1936,12.389093,Enrolled
45.831036,6.216057,Graduate
8.888029,28.912964,Graduate
-29.600428,-16.924936,Dropout
5.144456,-24.40001,Graduate
-21.737461,-7.57838,Graduate
30.17534,10.066339,Graduate
31.016317,-10.023962,Graduate
10.478465,29.738747,Graduate
51.539413,11.664271,Graduate
41.927235,6.167418,Graduate
-1.2647891,-17.004316,Graduate
30.058577,10.056793,Enrolled
-16.873863,-0.4772357,Graduate
-1.9006615,5.06638,Graduate
41.564034,-11.290036,Graduate
-8.96471,-18.938395,Graduate
47.32873,12.859172,Graduate
6.7583303,0.01499934,Graduate
-17.102077,11.548066,Graduate
-23.28728,1.2244624,Dropout
-36.688866,-8.73047,Dropout
-32.390865,-29.56656,Dropout
-31.128685,10.905998,Enrolled
30.01209,-14.979114,Graduate
-50.83612,25.225828,Graduate
-10.486183,9.207829,Graduate
-14.940914,-16.801693,Dropout
40.36764,-16.307209,Graduate
-40.341793,-0.15654357,Enrolled
34.915035,-21.85835,Graduate
3.6793244,18.410608,Enrolled
-30.709713,13.055768,Enrolled
-28.145222,-30.06231,Enrolled
-18.792192,-19.275402,Graduate
-40.099056,0.9881262,Enrolled
34.89353,-0.9956317,Graduate
-51.86489,23.236414,Dropout
-4.6074157,-20.867353,Graduate
-15.164316,14.055667,Graduate
-19.61407,14.525287,Graduate
45.425735,-15.387632,Graduate
0.26942402,-17.22262,Enrolled
-28.14472,-14.241795,Graduate
8.860622,11.072605,Graduate
4.6663322,36.043537,Graduate
-33.887527,-8.395081,Graduate
-3.790613,-10.613981,Graduate
-22.88094,11.889808,Enrolled
-32.382263,-17.84392,Enrolled
-26.656218,-34.157005,Enrolled
-37.487095,-31.02259,Dropout
25.431137,34.551537,Graduate
52.17741,-2.4347947,Graduate
-11.569165,23.915274,Enrolled
-7.531193,-1.2213916,Graduate
-23.708353,-3.5362098,Enrolled
51.31374,13.358544,Graduate
41.644245,-11.60241,Graduate
41.775772,8.151781,Graduate
5.961541,-2.8455286,Graduate
-39.90794,6.909391,Dropout
50.12673,4.473771,Graduate
-35.513283,-13.738956,Dropout
39.88851,-2.7304194,Graduate
-3.3296127,-9.94391,Graduate
25.730112,35.22829,Graduate
31.68293,2.4439538,Graduate
-29.450195,-5.079675,Enrolled
52.07419,-2.4264073,Graduate
21.150938,26.822023,Graduate
-52.36024,25.473946,Enrolled
-22.590958,10.41811,Graduate
13.156139,8.63983,Dropout
-45.578945,-0.5773293,Enrolled
41.938435,-8.374043,Enrolled
-46.00001,-1.3932583,Enrolled
-40.532116,9.17546,Enrolled
-22.524958,-8.626487,Graduate
14.0780735,-10.058949,Graduate
-32.512897,-2.7046802,Graduate
-38.93393,-28.767313,Enrolled
-8.236285,9.163216,Graduate
34.872494,-13.2676525,Graduate
-32.86253,-40.017338,Dropout
37.209568,22.09252,Graduate
-13.844235,-4.7743974,Graduate
-10.190583,-16.577047,Graduate
-47.70711,5.829466,Dropout
4.3141127,2.468461,Enrolled
37.8721,-5.517856,Graduate
-8.321569,9.516612,Enrolled
-30.223536,-28.196978,Dropout
-24.576458,12.219765,Enrolled
30.80454,-17.01094,Graduate
-12.044094,13.787823,Enrolled
-9.079582,2.6791542,Enrolled
-25.527664,7.510889,Enrolled
-32.383747,-37.87704,Dropout
-9.288965,3.4800274,Graduate
-9.902299,-0.44840664,Graduate
-3.5814672,-2.2272336,Graduate
21.855019,-12.842054,Dropout
-51.738117,24.947006,Dropout
30.33886,-12.69615,Graduate
-25.768131,-11.510212,Graduate
7.166473,-19.170286,Graduate
48.35987,7.809631,Graduate
23.840553,14.486426,Graduate
-11.085043,-0.9281057,Graduate
18.86408,18.010492,Graduate
45.416794,-20.242807,Enrolled
-3.8007238,-14.49757,Graduate
16.268387,12.112039,Graduate
21.88858,21.685003,Graduate
-34.80859,-28.813938,Dropout
57.717445,7.538879,Graduate
16.330101,24.612913,Graduate
-11.339728,-2.5070572,Graduate
11.13028,-8.580214,Graduate
34.911995,-18.085627,Graduate
12.274358,23.255423,Graduate
12.0951395,20.808538,Graduate
-8.594267,-7.3727074,Graduate
17.490541,11.022597,Graduate
27.73079,25.741898,Graduate
32.07163,-14.210956,Graduate
16.58875,28.054983,Graduate
-15.212908,-1.1379352,Enrolled
3.032015,-20.462912,Graduate
27.647097,-15.725761,Graduate
-39.737892,-25.585808,Enrolled
14.943111,15.090494,Graduate
-33.10239,-35.6228,Enrolled
41.013435,5.190555,Graduate
51.971386,2.80852,Graduate
35.99848,-19.901497,Graduate
36.126534,-19.386372,Graduate
-18.5821,8.916537,Enrolled
-7.76662,4.7594976,Enrolled
-3.4464893,-3.25403,Graduate
24.119516,-16.787,Enrolled
-4.017148,20.731281,Graduate
9.698158,25.322971,Graduate
-6.417774,-8.442022,Graduate
29.105982,-9.219335,Dropout
18.088509,19.35337,Graduate
-13.95139,2.9421527,Dropout
-34.029804,5.765082,Enrolled
-30.58486,5.373988,Dropout
-18.422754,-18.609158,Graduate
-24.004576,-34.903053,Enrolled
4.9133644,-25.132069,Graduate
-32.17565,-12.521454,Graduate
-38.012398,3.2307572,Graduate
-6.942553,-2.7314188,Enrolled
-21.471613,3.4861917,Enrolled
-0.5815214,-7.162883,Dropout
-38.93391,10.324781,Dropout
-18.63104,-6.290404,Dropout
-33.120472,-36.76035,Dropout
-6.8724957,7.1466823,Graduate
-4.183717,29.60994,Enrolled
54.96248,15.081893,Graduate
-8.834235,32.06028,Dropout
-21.895979,-10.911566,Graduate
16.440905,30.049143,Graduate
42.58788,8.714576,Graduate
51.997784,-1.1816276,Graduate
-40.39071,-11.726929,Graduate
9.4463825,-18.621805,Graduate
55.735336,6.286438,Graduate
-1.8813568,-12.803358,Graduate
-32.73697,-6.246129,Enrolled
11.941647,23.258236,Graduate
-42.804806,-2.1422396,Dropout
-4.9740295,25.300879,Graduate
25.378494,28.59005,Graduate
39.987644,3.2447145,Graduate
-41.98317,-12.570045,Graduate
5.3848667,-21.04492,Graduate
-17.693346,-10.122088,Graduate
-11.957997,19.007723,Graduate
36.852837,9.900307,Graduate
-32.543827,-15.262256,Enrolled
-8.0166,-11.628086,Graduate
7.328623,30.4795,Graduate
51.743736,4.432806,Graduate
-7.3104095,-15.727378,Graduate
-53.088326,26.993431,Graduate
5.528573,31.920572,Graduate
-8.133386,-12.727318,Graduate
8.342191,11.14042,Graduate
-17.365768,-7.9742193,Graduate
-23.694754,4.9485474,Graduate
-32.448692,14.002366,Enrolled
-16.77032,12.28041,Graduate
-35.79308,-40.25738,Enrolled
7.809469,1.3197615,Graduate
-43.60371,-2.7375987,Dropout
46.29261,-16.30658,Graduate
-38.059566,8.443352,Dropout
32.925194,-18.27409,Graduate
-11.578345,-4.2329445,Graduate
3.8792183,-7.19108,Dropout
-10.33006,-1.4729346,Graduate
3.3831048,-13.335566,Dropout
0.36909077,19.106606,Graduate
-6.0414076,-9.4355,Graduate
30.70149,-2.8780334,Graduate
26.885921,-7.0618296,Graduate
7.1366777,12.158737,Graduate
-8.868179,-15.326893,Graduate
-12.653543,-31.911459,Graduate
45.262638,3.5341692,Graduate
25.410952,-4.725534,Graduate
-3.9851568,7.2253494,Graduate
35.27843,-12.191038,Graduate
-41.729103,6.419426,Graduate
-10.247039,31.309229,Enrolled
6.112037,-18.699596,Graduate
-2.4847488,16.41335,Graduate
14.67767,25.695148,Enrolled
-19.591501,4.8851185,Enrolled
41.207245,8.547918,Graduate
37.098976,-16.204165,Graduate
35.59328,-12.749169,Graduate
33.06766,-14.959388,Dropout
51.732826,4.443973,Graduate
49.78777,0.40419668,Graduate
39.9586,7.194784,Dropout
0.84853125,-9.967376,Graduate
43.81778,-12.837757,Graduate
35.337437,-18.738712,Graduate
35.101566,-2.0544696,Graduate
-28.795776,-6.332432,Graduate
46.493374,-0.9728119,Graduate
-33.343647,-17.025284,Enrolled
-29.404987,-15.989494,Graduate
-7.5680523,-11.675447,Graduate
-49.087105,4.8303914,Dropout
39.966927,5.0083156,Graduate
27.760529,35.26622,Graduate
4.180891,22.064344,Graduate
-11.122109,2.4775774,Enrolled
53.557735,-0.44259128,Graduate
12.80673,30.44227,Graduate
25.222376,-7.550636,Enrolled
-19.05861,-8.177456,Graduate
-32.451393,-8.947345,Graduate
45.044304,4.972047,Graduate
-33.36721,-41.503326,Dropout
-32.563873,-12.036628,Graduate
16.439028,14.357502,Graduate
47.10101,3.0693896,Graduate
-37.20124,-9.48182,Enrolled
-34.365067,-2.7382228,Graduate
52.292446,-10.812546,Graduate
39.14117,11.422621,Enrolled
-51.966526,24.238783,Enrolled
55.74306,9.584337,Graduate
38.48584,-5.657176,Graduate
40.241146,-12.448874,Graduate
23.110825,27.841558,Graduate
-11.102449,-10.55454,Graduate
25.659237,17.907253,Graduate
0.6189985,14.698903,Graduate
-30.918625,-38.971294,Graduate
24.683722,20.173828,Graduate
46.385784,3.1836636,Graduate
52.689583,-0.9629016,Graduate
19.134586,29.125444,Graduate
-39.678047,-13.877136,Dropout
47.63577,-16.184101,Graduate
-13.839377,-8.492186,Dropout
15.13452,-0.84830606,Graduate
-28.786507,-9.961585,Enrolled
26.211683,-6.9995966,Enrolled
45.664444,-16.197517,Graduate
27.595945,35.24201,Graduate
-41.63915,-2.044626,Enrolled
31.322037,-7.094228,Enrolled
34.983486,-6.415517,Graduate
-32.14615,-0.43314317,Enrolled
-39.201477,-29.521935,Dropout
3.6370084,18.455196,Graduate
38.330376,-9.056644,Graduate
-16.156797,9.758188,Graduate
13.146667,9.209941,Dropout
-21.3685,-10.896663,Graduate
-17.955273,-12.886937,Graduate
-41.953323,1.2943531,Dropout
-51.472843,26.921486,Enrolled
-35.762318,-12.71032,Graduate
-3.7871964,-18.487486,Graduate
53.464226,14.24462,Graduate
34.1929,-6.2257304,Graduate
-5.8110447,31.623816,Graduate
-45.71967,1.9654276,Dropout
-30.174866,-31.930494,Graduate
16.438387,15.393097,Graduate
29.183546,-8.616032,Enrolled
-36.84839,12.447317,Dropout
-17.758213,-32.758286,Graduate
12.044128,-12.216992,Graduate
-10.240393,32.697163,Enrolled
32.628567,-12.532777,Graduate
5.0354257,14.98791,Graduate
51.21138,-0.20334584,Graduate
46.30419,4.0047493,Graduate
27.089703,18.936148,Graduate
-26.057806,-17.609835,Graduate
-29.896914,-15.965389,Graduate
-8.02398,30.581589,Graduate
-25.378782,-30.149387,Graduate
5.6812205,-3.5523303,Graduate
-52.622234,24.431105,Dropout
14.681599,27.701094,Graduate
-35.874912,-31.024225,Dropout
9.005879,-17.119408,Graduate
6.1492505,3.9433382,Graduate
25.960064,35.74364,Graduate
-33.19915,-11.555934,Graduate
-9.874758,-14.917642,Graduate
47.058125,-9.657631,Graduate
6.8099375,-16.435558,Graduate
-14.827234,-1.7536794,Graduate
50.519314,13.103666,Graduate
43.81068,7.85845,Graduate
5.2340636,4.826478,Enrolled
-20.106192,-15.062314,Graduate
-3.0226111,-11.123326,Graduate
8.533769,26.276054,Graduate
44.415424,7.004375,Graduate
-3.6494117,18.774218,Graduate
22.992088,-12.221841,Dropout
-12.476994,-5.5997176,Enrolled
-7.1332226,4.8491807,Graduate
-23.056814,1.1285267,Graduate
36.875973,-2.6787043,Graduate
-1.3261554,21.205887,Enrolled
47.925518,-13.294978,Graduate
-38.88274,1.7565372,Enrolled
17.75597,20.746613,Graduate
5.1815042,0.6307318,Graduate
4.8838143,12.699782,Graduate
46.434853,-12.487479,Graduate
36.872448,-5.030879,Graduate
37.30651,21.838234,Graduate
22.402374,23.145157,Graduate
-16.741293,0.26464626,Enrolled
38.986446,-7.312732,Graduate
-23.869268,18.955492,Dropout
-14.960581,-16.132658,Graduate
-40.799232,5.7924104,Enrolled
6.5886393,-24.572441,Graduate
53.846096,12.461371,Graduate
35.34233,-17.461355,Graduate
-38.153732,-3.8399036,Enrolled
42.497448,-12.620475,Graduate
-21.460789,0.65472734,Enrolled
32.445145,6.617918,Enrolled
-28.181868,-38.607,Enrolled
43.606125,8.919378,Graduate
22.315556,27.90103,Graduate
-30.027714,-34.437214,Dropout
-4.450034,-6.8200126,Graduate
38.741943,6.5643167,Enrolled
44.164635,-9.768453,Graduate
9.037191,-1.9388362,Graduate
-4.1482086,25.53824,Enrolled
-12.882935,5.4064016,Enrolled
7.015245,-21.304733,Graduate
-31.235847,12.6213,Dropout
43.3952,-14.98319,Graduate
0.6893652,6.6952653,Graduate
-15.539413,0.6684723,Graduate
-9.503744,7.971842,Enrolled
-11.532725,0.8597718,Graduate
6.084016,-23.102625,Graduate
-6.5004983,8.362282,Graduate
-18.767084,-18.702997,Graduate
46.27469,-0.39184785,Graduate
-13.318081,-4.160884,Graduate
-0.0035234592,-7.672511,Graduate
-0.8678278,24.220829,Graduate
-12.372274,5.1161118,Enrolled
54.665794,1.110165,Graduate
20.36059,27.189663,Graduate
43.39023,7.556968,Graduate
-14.893545,-17.801739,Enrolled
-41.406376,8.393992,Dropout
-25.614515,-16.815317,Graduate
6.015421,24.443233,Graduate
-41.064323,-7.892704,Enrolled
33.923134,-13.64058,Graduate
-0.5513264,-8.949147,Graduate
-15.712294,18.212992,Dropout
0.4281323,18.519352,Enrolled
19.927294,26.753,Graduate
-11.084675,-19.265118,Graduate
-41.122787,3.8503866,Enrolled
15.037856,32.546963,Graduate
44.971275,9.55769,Graduate
5.895473,23.448002,Enrolled
11.203782,-18.90056,Graduate
42.178905,9.725923,Enrolled
11.845843,23.937773,Graduate
-51.238514,27.821888,Graduate
-31.713276,4.8866124,Dropout
-15.499929,6.4221835,Dropout
-18.864708,-5.908189,Enrolled
-26.76804,16.078161,Dropout
-22.507782,-8.130665,Enrolled
-34.26298,3.5891016,Dropout
-22.42503,1.3803666,Enrolled
-8.888376,-6.833759,Graduate
-32.122902,7.488398,Enrolled
3.3706725,31.618343,Graduate
-38.484016,0.21558489,Enrolled
20.437569,9.73603,Graduate
1.2540344,29.955229,Graduate
-11.697086,31.351593,Graduate
-8.970275,30.093569,Enrolled
-0.17411163,6.332545,Graduate
42.913307,-15.282034,Graduate
1.9186257,6.357813,Graduate
5.834184,-15.493347,Graduate
-20.815647,-10.041027,Dropout
46.314915,-17.110212,Graduate
-31.597818,-34.83448,Dropout
-24.982595,22.475565,Graduate
3.4739766,-25.23835,Graduate
18.729147,28.179398,Graduate
-34.764297,0.21026744,Dropout
-27.6268,-33.24711,Enrolled
33.114017,-13.131583,Graduate
-26.836077,1.6837146,Enrolled
-21.834219,-4.301351,Graduate
-34.81562,-41.49663,Dropout
27.439884,18.340456,Graduate
-9.7721815,23.307028,Dropout
4.7464643,36.779217,Graduate
-27.150105,-13.742732,Enrolled
-33.443325,6.75388,Enrolled
-44.606052,4.9440937,Dropout
-39.783043,-1.1065937,Enrolled
-22.5532,-10.661458,Enrolled
31.772303,-1.0781322,Enrolled
-31.170034,-13.091133,Dropout
-35.206413,-25.249138,Dropout
-37.81682,7.926404,Enrolled
-8.475001,-18.206394,Enrolled
-4.2518373,-20.797195,Graduate
27.272911,-6.2405014,Graduate
-0.54083264,-10.439004,Graduate
-27.324627,-12.4024725,Graduate
-27.759884,-26.520678,Dropout
34.846413,5.7304454,Graduate
49.284267,0.46463934,Graduate
49.11498,3.457663,Graduate
44.508053,-14.635962,Enrolled
32.639866,-14.321501,Graduate
41.93104,1.866062,Graduate
-0.5660833,-0.64754677,Graduate
-35.784412,0.063167796,Enrolled
11.8025055,-12.389592,Graduate
37.895824,-21.105259,Graduate
52.845726,-1.406212,Graduate
4.124652,-9.004363,Enrolled
12.558059,19.083868,Graduate
-50.7491,24.944088,Enrolled
14.228955,-5.9123964,Graduate
-36.729923,5.8293457,Enrolled
-25.49301,-29.45411,Dropout
-21.319365,-7.494617,Dropout
-3.4378252,-20.04989,Graduate
52.063805,8.742282,Graduate
15.618319,32.06935,Graduate
-15.895818,-5.4678974,Graduate
55.390835,4.112983,Graduate
9.019765,0.53723645,Graduate
-4.7334094,-19.39054,Graduate
3.4985867,33.13213,Graduate
3.1328225,-24.476738,Graduate
45.9188,2.034214,Graduate
33.905304,-12.66036,Graduate
-20.148565,-16.997639,Graduate
6.0040164,25.789204,Graduate
25.840664,35.672848,Graduate
-17.199972,-11.847743,Graduate
-40.75721,-25.091888,Dropout
-14.868363,13.415525,Graduate
-14.226433,7.5710225,Dropout
1.3489897,6.4245844,Dropout
-35.578896,-37.701653,Dropout
-35.086197,-35.46372,Dropout
-8.632545,10.276124,Enrolled
-16.453207,-30.757824,Enrolled
13.864791,13.036203,Graduate
-24.791842,14.48682,Enrolled
-31.557081,1.1881881,Graduate
40.082806,-5.283945,Graduate
-10.233502,13.704194,Enrolled
39.808952,-16.335371,Dropout
-5.377802,0.41784766,Graduate
45.924706,7.321055,Graduate
23.118694,21.582062,Graduate
-2.1545837,18.52395,Graduate
-31.819513,6.782688,Enrolled
-14.1979885,17.567196,Graduate
-29.94875,-13.315617,Graduate
-13.491998,17.514767,Graduate
32.70542,-15.174148,Dropout
-34.99256,-32.730747,Enrolled
-24.440805,4.3681197,Enrolled
-3.4649909,-3.1710737,Graduate
12.035739,-18.649624,Graduate
13.586635,20.539803,Graduate
-3.9954665,20.942623,Enrolled
-31.25789,-22.950747,Dropout
-0.5193514,28.620483,Graduate
-32.884052,-25.04491,Dropout
55.210663,10.164312,Graduate
32.42782,-13.576983,Graduate
-6.6985626,8.267532,Graduate
-8.91355,-28.975208,Graduate
-41.088547,3.63017,Dropout
-13.659172,5.5209227,Dropout
30.348965,-17.080484,Graduate
-26.446314,11.829933,Enrolled
-26.96667,0.9874523,Dropout
-29.049187,-37.900692,Graduate
-3.7459276,-2.5285301,Graduate
-8.765059,-19.791807,Graduate
-50.615128,26.906693,Graduate
-16.46907,-2.2777617,Graduate
-13.080521,17.64342,Graduate
46.157696,-15.882694,Graduate
-2.3627315,-13.882021,Graduate
-45.05823,-0.09676678,Enrolled
-34.223545,-39.87381,Dropout
-25.772049,-32.53233,Graduate
-2.2809227,-3.5399075,Graduate
8.876567,-21.460833,Graduate
-6.361065,-12.488057,Graduate
-20.884762,4.4402757,Enrolled
9.103147,-9.965703,Graduate
-10.725573,-3.1659591,Graduate
37.861355,-6.39751,Graduate
35.42943,-11.187358,Graduate
-0.29657286,-19.502817,Graduate
3.3994894,39.56023,Graduate
-25.033161,-33.428276,Enrolled
3.9950695,-19.968018,Graduate
-26.938118,6.982064,Enrolled
-15.537468,-9.24959,Graduate
-0.119808994,17.113564,Graduate
16.047834,19.181717,Graduate
-19.22677,-27.192913,Enrolled
48.05271,2.4609277,Graduate
-3.9419756,-16.266457,Graduate
-27.354288,-4.3451242,Graduate
-12.277505,6.2207074,Graduate
-20.236141,0.64315313,Graduate
20.09509,13.618226,Graduate
-7.339678,-16.785114,Graduate
-6.4706573,-2.1464567,Graduate
17.515768,11.089955,Dropout
36.912216,-18.443123,Graduate
22.197927,24.003588,Graduate
29.77059,-0.50767523,Graduate
28.31738,-8.455607,Graduate
-28.893955,-2.8412964,Dropout
-14.958586,-28.739128,Graduate
0.37517625,24.062775,Graduate
43.63476,0.664169,Graduate
-32.82974,-29.837318,Enrolled
22.399006,13.252608,Graduate
-0.45722133,25.966486,Dropout
-3.9780738,18.36576,Graduate
-13.732903,7.9667764,Enrolled
11.567354,24.66863,Graduate
-1.9699309,15.899452,Graduate
4.4586253,24.477413,Graduate
8.2111435,-21.787683,Graduate
47.302387,-4.1367364,Graduate
-40.07042,-6.5523686,Graduate
39.65732,5.293888,Graduate
-11.6219015,6.219936,Graduate
6.6112685,-6.3500214,Graduate
-34.84942,-36.946793,Dropout
-15.491134,18.028894,Graduate
-5.8165665,-24.47057,Graduate
37.4411,20.700796,Graduate
41.853992,12.32809,Graduate
-10.990916,-14.874462,Graduate
-15.174776,9.099776,Graduate
42.188126,-12.937936,Graduate
12.793229,10.794285,Graduate
-11.076944,-13.645293,Graduate
29.19368,-5.2281218,Graduate
23.590342,27.725065,Graduate
3.8864806,-0.21292438,Graduate
39.775093,-7.5999036,Graduate
-43.716976,2.3047905,Dropout
-7.9243073,-13.323516,Graduate
27.717691,-10.24461,Graduate
-38.599747,-9.890344,Dropout
-29.165014,15.771823,Graduate
4.1911592,37.486736,Graduate
49.600113,-1.9208673,Graduate
43.178112,-18.490356,Graduate
-22.741358,7.2799177,Graduate
6.1975765,37.54275,Graduate
-6.7022886,-11.983188,Graduate
-2.3233013,-14.051501,Graduate
5.6895013,3.9622355,Graduate
4.4750285,17.564814,Graduate
19.385433,21.084185,Graduate
12.677953,27.284927,Graduate
31.174255,-15.810192,Graduate
53.35358,14.722065,Graduate
2.108843,-8.55392,Graduate
46.37305,-12.087824,Graduate
6.249299,-9.793982,Graduate
11.952736,29.549196,Graduate
12.532627,-11.199606,Dropout
24.248549,29.148947,Graduate
36.670433,-20.975279,Graduate
7.2180247,-24.26892,Graduate
-18.005903,-37.562805,Dropout
-29.952784,-32.38228,Dropout
5.0457263,4.885303,Enrolled
-36.54227,-30.734516,Dropout
23.776094,36.15588,Graduate
-5.7369747,28.309103,Enrolled
-29.025217,5.8953724,Enrolled
4.6399508,-21.641155,Graduate
18.903528,17.682419,Graduate
44.79827,-10.368775,Graduate
-33.87112,-16.545826,Dropout
1.4619628,-5.1875153,Graduate
-29.412853,-30.506863,Graduate
5.1858964,19.37467,Graduate
49.020172,7.2231355,Dropout
-27.282299,2.1764655,Enrolled
1.1034046,31.895435,Graduate
-25.889013,-6.604782,Graduate
42.877064,-20.98638,Graduate
57.314903,12.128128,Graduate
-10.04313,-14.7843685,Graduate
-33.450928,-34.44171,Enrolled
10.400713,15.661481,Graduate
-3.0736651,-24.586992,Graduate
2.2712166,30.174187,Graduate
28.25659,-15.598091,Graduate
56.949173,7.8538904,Graduate
-10.355962,-2.7160609,Graduate
-35.14159,-40.415775,Dropout
10.624627,-8.606692,Graduate
53.322968,3.8112018,Graduate
29.630547,-12.411084,Graduate
15.063262,-10.34222,Graduate
31.334286,10.414528,Graduate
1.3052067,-21.341,Graduate
-2.7639909,25.062761,Graduate
53.752705,7.5005345,Graduate
-41.122097,9.86016,Enrolled
-29.633186,2.726515,Graduate
-4.0115232,29.015472,Graduate
-10.145409,30.014048,Enrolled
-40.50352,0.3170434,Enrolled
-36.055973,-0.7760906,Dropout
-23.284924,9.224097,Graduate
9.238328,-2.4178598,Graduate
-31.873846,3.0595636,Enrolled
43.52336,-20.871822,Graduate
-6.43803,-19.4867,Graduate
-39.34946,-0.34830424,Enrolled
-27.847713,0.061051257,Dropout
-11.93797,0.69290894,Graduate
-33.583817,0.29001474,Dropout
-5.146112,5.733973,Graduate
41.90209,-15.738336,Graduate
-19.138279,8.944157,Enrolled
47.985325,4.443079,Graduate
-9.448777,-1.3579432,Graduate
-10.9795265,32.74673,Enrolled
-37.60435,1.5981979,Enrolled
-18.602942,14.539644,Graduate
-32.283005,8.80062,Enrolled
36.352528,16.61861,Enrolled
0.3008373,23.170744,Enrolled
-24.371862,-34.92237,Enrolled
-26.61669,11.714705,Dropout
-15.850068,11.564445,Graduate
-33.309093,-38.89792,Dropout
1.4950948,22.325403,Graduate
-33.9387,-6.6708527,Graduate
6.7195606,4.482287,Graduate
0.20264132,-16.950783,Graduate
-16.937906,7.1933365,Graduate
-17.853342,6.718577,Graduate
-35.381294,-25.003275,Enrolled
7.4321404,21.910078,Enrolled
-16.085705,-10.774195,Graduate
24.261467,19.257246,Graduate
38.346775,-12.751224,Graduate
-1.1170576,-0.9401973,Graduate
-5.0717916,-26.272005,Dropout
14.295518,-8.912545,Graduate
-14.449114,16.176044,Enrolled
-22.638243,9.537547,Graduate
-19.849253,17.753897,Graduate
12.544454,28.047653,Graduate
-4.7833395,2.6312296,Enrolled
-52.93791,27.601336,Graduate
26.559929,-12.666958,Graduate
-15.612126,-12.711418,Graduate
44.223175,-15.559754,Graduate
14.130114,-14.5731945,Graduate
8.051672,33.003838,Graduate
-18.056034,14.433413,Graduate
-42.209908,-27.045395,Enrolled
-2.0924187,-8.380481,Graduate
-1.2106501,-4.6169944,Graduate
-18.004284,-37.61834,Enrolled
-23.383665,14.352279,Enrolled
-7.7231894,-0.94789296,Enrolled
-8.214047,13.081765,Graduate
14.998983,27.420269,Graduate
-0.8899457,31.132212,Graduate
23.228792,14.057707,Graduate
-36.04524,1.4220045,Enrolled
4.2233815,19.711477,Graduate
-16.476702,-1.6265229,Enrolled
1.4773825,-8.039138,Graduate
26.244158,-11.813361,Graduate
40.222538,-6.433496,Graduate
-33.910378,-37.080326,Dropout
-7.7724843,26.32757,Dropout
-6.3941536,27.271776,Graduate
21.954466,25.429018,Dropout
-10.487995,14.405353,Graduate
-20.838566,20.293983,Enrolled
-18.475267,-13.199751,Graduate
-44.499084,-2.9482636,Enrolled
-33.348377,-1.4222802,Dropout
10.187457,0.71078855,Graduate
-10.419647,15.712257,Enrolled
23.476772,-12.299436,Graduate
22.65106,13.607924,Graduate
-27.10639,8.299509,Enrolled
-41.175266,-0.3771235,Enrolled
-14.015573,-29.019522,Graduate
31.75591,-3.8052988,Graduate
-5.6990457,-8.0803585,Dropout
-2.5568447,28.424627,Graduate
48.531517,11.741867,Graduate
13.161459,19.267134,Graduate
19.659859,25.304892,Graduate
-5.795739,-7.4603815,Graduate
-21.470217,7.087428,Graduate
7.511738,-11.924281,Graduate
-3.2244265,20.152266,Graduate
-24.487871,-30.849901,Graduate
-41.22749,-11.773895,Graduate
8.339945,25.889278,Graduate
2.5906208,-11.380758,Graduate
-0.7831922,17.077518,Graduate
56.37765,11.244191,Graduate
7.326494,-10.993358,Graduate
-0.16555524,-18.26891,Graduate
17.406849,23.668295,Graduate
12.878815,11.236892,Enrolled
3.2333813,-16.778002,Dropout
41.812916,-7.93014,Graduate
51.959133,-0.94923836,Graduate
13.709644,12.699661,Graduate
39.383144,-16.460613,Graduate
-24.214102,-31.326729,Graduate
28.211987,25.60917,Graduate
5.5600204,-19.329037,Graduate
20.75444,20.400389,Graduate
-4.2687874,-26.892986,Graduate
-53.83211,25.161486,Enrolled
1.6123847,-19.190659,Graduate
-37.531265,-7.6254053,Dropout
-30.645678,-40.09631,Enrolled
33.637825,0.36616445,Dropout
11.864819,17.46896,Graduate
-29.860968,-29.487503,Dropout
-14.897176,-18.239588,Enrolled
26.232538,32.76482,Dropout
-38.73129,9.765332,Enrolled
-6.3822083,-14.326249,Graduate
-46.629818,6.005383,Dropout
5.902237,2.5586812,Dropout
32.78849,-9.77967,Graduate
-21.496227,1.92723,Graduate
-28.622646,-29.203344,Dropout
0.03782384,26.823307,Graduate
26.146093,30.236378,Dropout
8.493494,24.877964,Graduate
34.731674,-20.99074,Graduate
1.2408501,-9.3366165,Enrolled
-11.257857,33.061966,Enrolled
-51.869118,23.080378,Dropout
-13.814028,2.0235534,Enrolled
-19.31722,-18.01308,Graduate
10.030742,30.513102,Graduate
-51.32463,23.927338,Dropout
26.301704,-12.052443,Enrolled
-0.11328384,34.102367,Graduate
29.30459,1.3731529,Graduate
14.0659895,5.293412,Enrolled
-1.8452646,20.152079,Dropout
-31.712978,-31.442024,Dropout
-30.981857,14.089506,Dropout
3.774535,27.43374,Graduate
-11.219046,2.780693,Enrolled
-34.07207,2.7548277,Graduate
-31.60455,1.522064,Enrolled
6.759286,-15.21946,Graduate
13.173058,8.49107,Graduate
48.107628,-13.440522,Graduate
-18.309298,-8.142747,Graduate
3.788175,-14.004014,Graduate
-9.202388,-17.182892,Graduate
-13.761031,7.260948,Graduate
-18.897408,-37.612637,Dropout
31.9945,-15.488274,Graduate
17.537418,27.674505,Graduate
-34.696976,8.511841,Enrolled
-22.094122,15.947754,Enrolled
-42.14813,6.2406955,Dropout
-35.920044,8.309389,Enrolled
46.520233,5.438832,Graduate
-19.103697,-37.58921,Enrolled
0.5897001,-5.9464836,Graduate
-10.546023,-13.497622,Graduate
43.436874,-17.341648,Enrolled
6.3157372,-27.096844,Graduate
-31.91241,-29.595402,Dropout
-28.33292,-15.780833,Graduate
18.658138,29.581596,Graduate
6.1579885,-17.490025,Graduate
2.0186386,23.21352,Graduate
-30.98883,-36.42049,Dropout
3.0781858,-23.312496,Graduate
-42.291595,-26.967339,Dropout
-53.079777,24.986984,Enrolled
1.7687228,3.860029,Graduate
45.818478,-1.2145332,Graduate
-19.262735,2.6184552,Enrolled
2.7417297,26.04308,Graduate
45.718906,4.528291,Graduate
-40.10987,-31.055868,Dropout
-36.469498,11.664291,Enrolled
-5.4389677,-19.532715,Enrolled
-25.828806,-8.749861,Enrolled
-40.0829,-26.25259,Dropout
-5.5635667,3.4810302,Graduate
-6.1990495,-15.077923,Graduate
6.227083,-13.50025,Graduate
14.717541,19.733175,Graduate
8.292421,-13.202349,Graduate
6.726075,25.84087,Graduate
-1.1711297,-10.441836,Enrolled
10.552025,25.637379,Graduate
4.1882796,36.861553,Graduate
-32.18943,-25.396202,Graduate
-7.7886963,32.567963,Graduate
6.8096657,-21.255135,Graduate
-2.4954104,15.482235,Enrolled
1.0626996,23.737741,Enrolled
-26.4004,-2.439482,Dropout
19.564758,13.382503,Graduate
-9.857717,-6.005919,Enrolled
-13.137596,-7.94343,Enrolled
-13.596824,12.303135,Graduate
8.705859,-14.193086,Graduate
-23.826468,19.70297,Enrolled
-13.496646,-26.385477,Graduate
39.255486,8.346061,Dropout
6.7788663,-9.971293,Graduate
9.359266,-4.2368937,Graduate
-15.134358,-8.176607,Graduate
-24.154041,3.9439192,Dropout
26.006222,16.748177,Graduate
7.7132654,30.737122,Graduate
19.593985,13.546567,Graduate
31.449633,-19.309381,Graduate
20.652836,11.812867,Graduate
2.5755205,-7.808562,Graduate
-33.792183,-36.14466,Dropout
3.7225935,-14.519952,Graduate
37.125053,-3.9589887,Graduate
25.782347,18.064325,Graduate
-26.625685,-14.429468,Graduate
-4.295493,-6.746348,Graduate
-0.19193986,25.204565,Graduate
39.918728,-8.337172,Graduate
-35.0124,7.4801736,Dropout
-15.998508,-29.66079,Graduate
31.713505,-19.175613,Graduate
16.859447,26.483894,Graduate
-4.816993,-3.8290057,Graduate
17.799768,29.319305,Graduate
3.5222356,-0.4940421,Graduate
-23.992098,1.9332702,Enrolled
-33.387943,-10.60071,Enrolled
42.366287,7.5752945,Graduate
-1.7105559,-16.31836,Graduate
-11.843833,-3.2034588,Graduate
-29.176498,13.06169,Enrolled
-1.3484622,-4.984397,Graduate
27.425112,-3.000431,Enrolled
45.90794,-19.935165,Graduate
18.710854,11.337885,Dropout
48.912357,6.471516,Dropout
-18.329956,-27.876032,Graduate
-4.403769,-21.970291,Dropout
14.254117,-5.395158,Graduate
37.35333,-3.5753183,Graduate
20.140865,12.106854,Graduate
32.487526,-17.510643,Graduate
-19.891283,-7.802248,Graduate
33.931576,-17.603018,Graduate
-35.465206,-13.520373,Dropout
39.93825,7.3803496,Graduate
-6.6305532,-16.144417,Graduate
-15.554241,-0.17903765,Graduate
16.827791,26.015787,Graduate
-7.7713447,-17.966581,Graduate
-31.887245,-38.946682,Dropout
18.173868,23.662903,Dropout
-20.88086,1.2351314,Graduate
-34.21405,1.2516692,Enrolled
8.271979,10.795583,Graduate
-24.640965,-13.8901825,Graduate
-38.811855,4.531709,Enrolled
14.282893,29.390467,Graduate
10.041133,28.471375,Graduate
18.56679,24.395798,Graduate
46.14965,6.7151437,Graduate
9.52259,-0.5195647,Enrolled
-24.959236,4.2159867,Dropout
3.5953488,26.578392,Graduate
-23.887033,4.406239,Enrolled
-19.734657,-11.322577,Graduate
-51.773304,28.20719,Graduate
-0.27613682,4.8742905,Graduate
-31.793146,-6.374852,Graduate
-10.313156,22.984625,Enrolled
-32.964756,-12.692028,Enrolled
44.190704,-13.252121,Graduate
40.064217,-4.018332,Graduate
-32.31957,-16.343481,Enrolled
6.428979,2.1737087,Graduate
19.776777,19.573914,Graduate
-29.633335,-1.4766372,Graduate
52.83206,14.635076,Graduate
7.0325694,-24.240824,Graduate
49.170937,4.5142794,Graduate
-34.47777,-5.8411956,Enrolled
-17.422592,-13.959916,Graduate
11.057017,24.775383,Graduate
-16.677605,2.954895,Graduate
49.875572,13.812985,Graduate
12.237958,-9.638749,Graduate
33.30662,-8.250848,Enrolled
10.656859,2.084985,Graduate
-40.60193,-12.06947,Enrolled
-12.844933,11.79498,Graduate
-20.454395,-6.335497,Graduate
55.814087,6.3434095,Graduate
1.1112509,33.933422,Graduate
1.6578529,3.666951,Enrolled
-36.611526,3.827738,Enrolled
-45.668537,-0.25132227,Enrolled
-42.998936,2.8654106,Dropout
-41.18428,-3.7806907,Enrolled
-37.403984,2.617422,Enrolled
14.103676,20.535704,Graduate
-26.81815,8.798161,Dropout
-54.04202,23.123333,Dropout
-29.49047,-35.50407,Dropout
38.286785,17.871687,Graduate
-1.7560855,19.699034,Graduate
-33.941906,-40.13221,Dropout
-29.128323,-32.375534,Dropout
-11.95398,21.658464,Graduate
11.98941,28.469515,Dropout
37.719307,-14.74832,Graduate
-10.71157,22.904022,Enrolled
12.8660555,-12.452436,Graduate
-1.5552478,21.797695,Graduate
-21.276154,-15.977807,Dropout
-30.941412,13.651072,Enrolled
-24.449356,14.247952,Enrolled
37.308056,-12.7849245,Graduate
6.898557,-9.420468,Graduate
-16.441702,0.92003316,Enrolled
-39.122658,8.586267,Dropout
0.528169,-0.43355718,Graduate
-23.418451,-30.375025,Dropout
-30.21796,-37.477596,Dropout
-30.931255,-0.7864864,Graduate
0.35166693,22.459995,Graduate
-33.176994,-30.997812,Dropout
22.173138,21.182034,Graduate
-26.646732,-34.808132,Graduate
41.94626,4.8805394,Graduate
41.004234,-15.12223,Graduate
4.4040318,1.805979,Graduate
44.571175,-19.995243,Graduate
46.195183,-11.843472,Graduate
-5.721063,-24.354656,Graduate
-26.098341,-9.228943,Enrolled
15.436164,16.17303,Graduate
50.567154,4.2642856,Graduate
-37.526333,-10.217356,Dropout
-26.000086,-32.729565,Dropout
20.214083,9.819671,Graduate
11.059826,-18.981747,Graduate
4.6782427,-24.251257,Graduate
5.76749,-24.51245,Graduate
-18.546757,-9.433352,Graduate
4.0566397,17.179716,Graduate
-36.90405,-6.567421,Dropout
-13.190195,-10.445029,Graduate
-13.804522,19.541338,Enrolled
-51.598595,26.259035,Graduate
33.508823,-11.77007,Enrolled
30.60474,1.449853,Enrolled
40.66333,11.19721,Enrolled
-34.062157,-36.74901,Dropout
-3.7569618,5.180378,Graduate
50.299934,1.7855796,Graduate
52.60229,12.078376,Graduate
7.0051103,-2.3693964,Graduate
9.140336,-14.833275,Dropout
-7.847769,2.691489,Enrolled
-30.873095,-30.442158,Graduate
-8.253335,31.148489,Graduate
-23.790586,-27.498077,Dropout
-20.899632,-3.5077627,Enrolled
-5.7066064,31.583715,Graduate
-17.24841,8.232671,Enrolled
-32.12017,-35.550293,Enrolled
-34.965298,2.1132553,Enrolled
-45.185913,4.268542,Dropout
-17.793304,18.335754,Graduate
3.6673083,26.671314,Graduate
55.07616,4.349364,Graduate
-26.784761,-13.229495,Enrolled
18.53961,24.26374,Graduate
-22.414822,-0.049555574,Dropout
-40.369236,-28.336294,Dropout
-52.791225,23.972052,Enrolled
-30.929468,-27.869925,Dropout
14.943669,25.92125,Graduate
6.7116113,19.283846,Graduate
8.677932,25.160526,Graduate
16.038292,31.416187,Graduate
36.82386,9.858522,Graduate
-21.266489,18.346947,Dropout
17.983229,30.18968,Graduate
-9.329664,31.26916,Graduate
34.180023,-17.460209,Graduate
-12.186133,13.590069,Graduate
-24.819252,22.682661,Enrolled
53.096043,-10.788956,Graduate
34.791756,-0.87001866,Graduate
11.863076,17.515915,Graduate
6.074751,19.483929,Graduate
-24.818052,-6.379532,Enrolled
53.17058,4.4542255,Graduate
11.539992,21.482416,Graduate
23.257277,35.558243,Graduate
6.1495075,4.616488,Enrolled
13.794261,-0.98824036,Graduate
-14.881631,-18.006458,Enrolled
46.22769,1.588968,Graduate
3.4913008,-8.571697,Enrolled
40.477215,7.5860076,Graduate
10.988042,1.9176666,Enrolled
51.114132,5.8865714,Graduate
10.951388,14.748356,Graduate
48.580624,0.3619953,Graduate
-31.4565,-25.534975,Dropout
-15.124251,-0.007385795,Graduate
42.95014,-21.045078,Graduate
27.266218,18.56119,Graduate
19.849731,22.187109,Dropout
-10.894679,-5.40606,Graduate
14.403334,18.339163,Graduate
-48.41674,2.4839683,Dropout
30.956785,-6.6322746,Enrolled
-27.98918,-2.3390942,Enrolled
2.5779681,-17.091068,Graduate
12.414258,-12.076954,Dropout
21.08704,24.003836,Graduate
46.72018,-1.253999,Graduate
-54.00895,26.086082,Enrolled
-25.729666,-36.405087,Enrolled
8.934697,-1.2868309,Graduate
-16.031414,5.104609,Graduate
23.71932,26.740604,Graduate
-34.54691,-17.130716,Enrolled
-7.229295,-8.23591,Graduate
-24.644043,-12.05513,Enrolled
-54.232777,25.243608,Enrolled
13.22815,28.440434,Graduate
51.98381,8.662221,Graduate
46.29929,-14.021975,Graduate
-20.248043,-3.2180915,Graduate
4.732189,20.177359,Graduate
-4.6173577,5.130646,Graduate
5.7157288,37.46632,Graduate
-1.2591182,19.419949,Dropout
-18.882698,-32.85462,Graduate
-0.16240548,30.331825,Graduate
-20.011408,-10.168221,Graduate
-1.5281535,18.238653,Enrolled
-37.95518,12.467332,Enrolled
20.286186,18.651457,Graduate
-20.522848,16.259895,Dropout
-40.808437,-1.8221375,Dropout
28.958216,-5.4813166,Enrolled
-8.156431,-7.8505087,Graduate
-2.990896,-24.753647,Graduate
-27.861092,-30.765593,Dropout
-26.199028,-34.774223,Enrolled
25.183392,28.106127,Graduate
0.29570514,-9.992104,Graduate
-33.022324,13.607258,Dropout
-26.793951,-33.407944,Enrolled
11.6574335,-14.791002,Graduate
16.070076,29.515924,Graduate
0.26521325,-5.478483,Graduate
-21.861544,-4.380619,Graduate
11.365374,13.8456745,Graduate
10.682301,31.946198,Graduate
29.859886,-14.165567,Enrolled
-25.12943,-28.782799,Dropout
0.10740683,-18.22878,Graduate
5.733566,-3.6535196,Graduate
6.1450152,1.4450898,Graduate
-18.212107,4.0766726,Graduate
-3.9722102,-1.25864,Dropout
-3.8976688,-5.1054535,Graduate
-34.401154,6.201046,Dropout
-32.41028,-31.261059,Dropout
-16.963568,-29.580723,Enrolled
-20.931108,-33.079235,Dropout
13.313112,28.972578,Graduate
48.337704,-3.4035122,Graduate
15.755819,22.00191,Graduate
-26.455687,-4.599718,Graduate
-45.78497,6.312096,Enrolled
-18.258768,-27.817776,Graduate
39.358334,4.5497894,Graduate
-33.384705,-40.75267,Dropout
-26.29886,-16.969675,Graduate
-5.551053,-8.064877,Graduate
16.423683,15.380732,Graduate
27.358072,28.658993,Graduate
8.088742,24.143879,Graduate
-5.944765,-9.018116,Graduate
55.134212,12.528198,Graduate
0.10169229,-15.028681,Graduate
-55.03876,27.12708,Graduate
-27.530552,-13.425434,Graduate
42.759014,11.675372,Graduate
25.888508,-4.3710904,Graduate
16.440182,16.170965,Graduate
-8.342576,-15.99446,Graduate
16.265404,9.688629,Graduate
-5.712091,9.113547,Dropout
-15.662376,19.073425,Graduate
-36.54597,5.2364254,Enrolled
29.272655,-0.42598844,Graduate
2.2069993,5.116696,Enrolled
-5.1603737,-11.602382,Graduate
-15.984831,13.324765,Dropout
-30.815502,10.544826,Graduate
-23.412817,-9.161739,Dropout
-32.997135,14.278445,Dropout
-34.51482,4.957408,Enrolled
1.0004253,19.947992,Dropout
31.162212,7.4125304,Graduate
5.356562,-23.880482,Graduate
-6.6978564,14.270911,Enrolled
-25.49412,12.891497,Enrolled
-19.729523,16.017323,Dropout
-19.22872,18.954798,Enrolled
9.763198,26.277164,Graduate
44.50531,0.5224207,Graduate
38.59207,-6.766394,Graduate
6.1536584,0.1404587,Graduate
44.637077,-19.416267,Graduate
15.2912855,28.209936,Graduate
1.4598403,33.86403,Graduate
-4.935396,26.23941,Graduate
42.63723,10.931105,Graduate
5.435894,36.99426,Graduate
-20.490982,0.24918513,Enrolled
18.055635,12.122643,Dropout
9.746297,22.770498,Graduate
8.37785,-0.68372345,Graduate
30.430544,-15.581972,Graduate
18.514324,21.466486,Graduate
28.993242,-9.605715,Graduate
37.961445,5.3391542,Enrolled
46.30283,-18.97414,Graduate
-9.626907,-9.941421,Graduate
-5.849364,-2.224297,Graduate
4.970568,-17.931355,Graduate
52.300465,10.691089,Graduate
3.0168445,-19.118736,Graduate
-10.784259,22.962423,Enrolled
44.623924,-20.685738,Enrolled
-36.930367,-2.3160634,Dropout
22.975033,18.607018,Dropout
30.22869,-14.667434,Graduate
-11.669352,16.201994,Enrolled
-2.1696,27.631107,Graduate
-37.404865,-26.062954,Dropout
-44.324455,1.7225035,Dropout
-29.697111,-9.547489,Enrolled
-29.314001,15.5072975,Enrolled
-45.574745,1.4390005,Dropout
-16.792652,-7.9301167,Graduate
-7.3056865,-14.876023,Graduate
3.6309528,37.64242,Graduate
-11.112941,-19.523907,Graduate
38.68994,-15.003996,Graduate
-13.153724,10.194013,Graduate
6.7567253,19.249908,Graduate
35.4126,-16.95654,Dropout
9.686294,22.670797,Graduate
-32.219555,-39.896553,Dropout
-29.261757,-9.767883,Graduate
-19.45725,-26.997879,Graduate
13.707872,26.32403,Enrolled
-4.7387314,36.005833,Enrolled
57.192215,11.984755,Graduate
4.7853413,11.617632,Graduate
23.838387,25.869034,Graduate
54.4046,11.173573,Graduate
24.60001,26.302753,Graduate
-40.63383,-8.368833,Enrolled
50.508358,13.964493,Graduate
-31.915733,-16.281221,Enrolled
-8.273003,-23.845474,Graduate
1.6143422,-19.623297,Graduate
28.77493,-13.5721,Graduate
1.9820057,25.723452,Graduate
-32.33443,-40.996475,Dropout
-22.486597,18.306137,Enrolled
-2.246155,-3.599979,Graduate
-40.557915,-26.650917,Enrolled
-28.572727,-0.7178481,Enrolled
-43.195156,-0.93449914,Enrolled
34.189983,-14.434622,Graduate
-20.770151,6.1518164,Graduate
10.634862,26.916655,Graduate
26.08691,22.13245,Dropout
-40.881973,10.464428,Dropout
22.705084,18.869972,Graduate
2.74237,-25.227108,Graduate
-35.19731,-37.817436,Dropout
46.054306,2.159538,Graduate
-14.614942,-5.66745,Graduate
28.091309,-6.625137,Graduate
-52.99919,26.440662,Graduate
52.3061,-10.818869,Graduate
24.763416,28.2234,Graduate
50.56899,0.8504137,Graduate
9.756968,-13.425663,Graduate
26.127138,-3.7273958,Graduate
24.677732,21.201265,Graduate
-7.7958255,-19.07031,Graduate
-31.094082,-6.6449986,Graduate
9.207994,-10.045035,Graduate
-37.559162,-4.9359694,Dropout
-36.763836,-5.2171865,Dropout
24.028122,25.509651,Graduate
16.335075,30.824175,Graduate
-38.395157,3.7166684,Enrolled
51.91807,3.343589,Graduate
-34.86482,-3.2634575,Dropout
11.87083,27.692453,Graduate
46.439587,0.9175449,Graduate
4.622043,14.070711,Graduate
-18.254618,-32.739834,Graduate
-8.72294,-23.543266,Graduate
11.963345,33.553314,Graduate
-41.48305,-7.0842643,Enrolled
21.690329,19.82316,Graduate
26.074968,-9.817673,Graduate
7.9585996,3.668776,Graduate
-8.431607,-13.473295,Graduate
29.616404,-2.7147903,Enrolled
9.272295,15.54985,Graduate
46.70568,7.055316,Graduate
-37.97305,-28.438122,Dropout
26.669579,33.453693,Graduate
-21.137003,17.689133,Dropout
10.219353,-13.572681,Graduate
-16.56211,7.629421,Graduate
51.420845,14.018726,Graduate
9.955018,11.803427,Graduate
-14.319794,-1.0200459,Graduate
33.066216,-19.412434,Graduate
-35.267494,-4.1326494,Dropout
2.597343,33.429375,Graduate
53.44316,12.117278,Graduate
49.721935,10.50724,Graduate
21.576826,25.116465,Enrolled
-28.675983,-5.0374894,Enrolled
4.0128965,36.012173,Graduate
17.060234,32.379723,Graduate
-24.204403,-6.1527257,Enrolled
6.2837243,-18.80601,Graduate
-19.42736,-18.176495,Graduate
38.31611,-8.777064,Graduate
-17.61664,-0.46365646,Graduate
53.61428,3.7126865,Graduate
40.224022,-3.9296627,Graduate
-2.0393612,-8.755219,Graduate
-13.747938,-3.7567694,Enrolled
-20.70155,-33.071655,Enrolled
45.6025,-13.509504,Graduate
-16.719997,-11.754071,Graduate
-33.238613,-17.247774,Graduate
-28.286474,-6.4179034,Graduate
31.941957,2.3095436,Enrolled
-26.190844,-12.335091,Enrolled
23.444326,26.553156,Graduate
26.623802,-13.79597,Graduate
-9.964347,28.499588,Enrolled
-6.949999,27.74126,Graduate
-32.276474,-4.3934536,Dropout
-9.409606,33.26189,Graduate
28.318916,1.6533161,Enrolled
-45.675903,0.6284804,Enrolled
10.185403,-18.120092,Graduate
-25.554375,-37.34646,Graduate
-37.04357,-5.814321,Dropout
49.8358,13.736298,Enrolled
39.2231,6.1625123,Graduate
19.248827,22.266775,Graduate
-9.714841,-12.152009,Graduate
-54.838207,26.853468,Enrolled
2.6329021,-18.074137,Graduate
-30.450747,-4.574906,Graduate
-43.938557,3.109183,Enrolled
47.32253,6.0539417,Graduate
29.50538,-2.2543485,Graduate
14.621339,24.211176,Graduate
-25.989153,-37.029186,Enrolled
52.553402,12.466588,Graduate
-37.48322,-30.825462,Enrolled
-32.743526,-8.862053,Graduate
-33.723904,-14.979514,Enrolled
-0.52377635,29.04238,Graduate
54.089836,10.116109,Graduate
-27.989677,8.345708,Enrolled
43.877758,7.7740345,Graduate
-32.93529,-7.6677284,Dropout
4.0346336,-25.55613,Graduate
9.597102,15.532466,Graduate
54.666786,3.6832242,Graduate
-0.5349509,30.82112,Graduate
20.913725,20.226833,Graduate
-2.9955113,-9.453222,Graduate
-30.916986,-25.363508,Graduate
50.15949,3.080241,Graduate
16.427929,12.500608,Graduate
0.5640815,-14.601225,Enrolled
3.520339,-18.106321,Graduate
-7.072515,-12.767896,Graduate
53.912907,8.3348055,Graduate
-54.27977,24.502401,Enrolled
-36.336502,-36.275127,Dropout
-38.403072,-2.4366367,Enrolled
-26.731699,-5.462405,Enrolled
11.547935,32.747402,Graduate
-14.152212,12.447415,Graduate
-30.146133,-41.525154,Dropout
-39.359898,-27.901236,Dropout
-26.206154,-9.361276,Dropout
34.842506,-6.2577453,Graduate
-48.278957,4.6815567,Dropout
-8.382211,8.476055,Graduate
0.110460386,22.376167,Graduate
-49.67774,25.66804,Dropout
-29.107565,5.9827847,Enrolled
14.206718,30.562685,Graduate
54.13096,11.083559,Graduate
-33.126785,0.79242015,Enrolled
-11.689779,16.269062,Enrolled
-13.598386,-26.565521,Graduate
-36.272854,0.6626144,Dropout
30.944435,2.260493,Enrolled
-15.245071,1.2022742,Graduate
10.683417,30.494867,Graduate
-44.371838,1.4525795,Dropout
-40.284557,8.033941,Dropout
1.4445426,27.944324,Graduate
4.379772,37.826374,Graduate
56.098534,8.027255,Graduate
-9.868866,29.625727,Graduate
-3.2683322,-18.625717,Graduate
4.7232327,28.508156,Dropout
7.64342,4.8451896,Graduate
-41.08947,1.4935273,Enrolled
-48.239,4.24725,Enrolled
0.73142385,15.460088,Enrolled
39.263996,-8.641025,Graduate
-38.270382,12.849549,Dropout
22.59788,-12.579868,Enrolled
2.072561,-15.51119,Graduate
31.224758,-13.8199625,Graduate
3.2812989,-13.490238,Graduate
-39.599316,-29.644142,Dropout
34.379208,-19.20771,Graduate
-34.554043,-10.366293,Enrolled
-13.405654,2.0574229,Graduate
-2.1152394,8.586537,Graduate
-14.337649,-0.57257265,Enrolled
-35.287975,-10.183017,Enrolled
-52.477917,27.022793,Dropout
43.945965,-14.560328,Graduate
-27.309595,-9.641457,Dropout
-9.6276,-23.25496,Graduate
-26.364489,-16.408653,Enrolled
-53.077404,24.369987,Graduate
18.349873,25.275227,Graduate
24.282736,21.562412,Graduate
38.104603,17.806986,Graduate
-35.246857,0.8677026,Enrolled
8.740301,0.31450972,Graduate
13.6926775,16.52758,Graduate
-9.790862,17.565916,Dropout
