UMAP_1,UMAP_2,Target
-1.0750239,13.280358,Graduate
-2.2667146,9.737403,Graduate
-1.5542715,2.4947062,Graduate
0.15700965,13.559329,Dropout
-3.724196,9.210878,Graduate
-1.5667987,2.7273169,Graduate
1.6114314,7.0911627,Graduate
0.2492059,10.722862,Enrolled
-3.3044362,2.4594536,Graduate
-2.8082285,4.376294,Enrolled
-3.1827953,4.1544166,Graduate
-0.27761206,12.448414,Enrolled
-3.7262847,9.961735,Graduate
-2.6822977,10.011668,Graduate
-3.037485,4.514227,Enrolled
-0.13289991,12.928782,Enrolled
13.893113,5.627973,Graduate
-3.9088311,8.473834,Graduate
-0.36964643,13.298299,Dropout
-3.7287908,9.901738,Graduate
-0.040595148,6.5251,Graduate
2.2360332,6.451185,Graduate
-0.22930053,3.4652708,Enrolled
-0.02346709,8.876771,Enrolled
13.96571,5.5717115,Dropout
-3.2824166,2.516601,Graduate
-3.0616775,3.3109403,Graduate
-2.4122806,3.1785629,Graduate
-0.6443785,10.450537,Enrolled
-1.9128418,8.231637,Enrolled
-3.3365116,3.3877487,Graduate
-1.3051356,9.891309,Graduate
0.25977707,12.326458,Dropout
-0.90251213,8.9748535,Enrolled
1.3713943,7.880064,Graduate
-2.6744602,4.450113,Enrolled
-4.3446174,7.983987,Graduate
-0.7726934,10.464499,Enrolled
-3.7231872,8.975788,Graduate
-4.606629,7.9713936,Graduate
-2.378447,3.9585474,Enrolled
0.28275767,10.780285,Enrolled
-0.38963532,10.707326,Enrolled
-2.7722569,10.800178,Graduate
0.04620029,10.358207,Dropout
2.1101012,7.1379256,Graduate
-1.2005645,7.970464,Graduate
1.1891943,5.423698,Enrolled
-4.057544,9.29089,Graduate
-0.14049351,2.6726089,Dropout
-3.7651677,9.877498,Graduate
-0.1304145,13.754632,Dropout
-1.9764097,11.076311,Graduate
0.3516084,3.3154342,Enrolled
2.1068366,6.597208,Graduate
-1.5183448,2.8084025,Graduate
-0.5477298,10.228312,Dropout
-3.0079358,8.353771,Graduate
-0.5309841,2.098662,Graduate
-2.743454,10.651637,Graduate
-0.2386962,9.58723,Enrolled
-4.8440795,8.168114,Graduate
-0.3972426,9.511673,Dropout
-1.5309101,9.850371,Dropout
2.0380504,7.9780326,Graduate
0.34841755,6.734225,Graduate
-0.95833975,10.119132,Graduate
-3.469544,8.276902,Dropout
-1.7389936,2.711654,Graduate
-2.9772651,2.4630642,Graduate
-3.0319948,10.440285,Graduate
0.25750285,6.7323008,Graduate
-0.6021682,9.45124,Graduate
-0.0919049,9.761413,Dropout
-2.4026017,2.862659,Graduate
-2.70787,9.281375,Graduate
-0.076433145,13.902091,Dropout
1.7543905,8.285002,Enrolled
-2.1663575,8.0773535,Graduate
0.2787094,13.790498,Dropout
1.4707038,4.8010373,Graduate
1.8760128,6.748626,Graduate
-3.147757,4.0699267,Graduate
0.29847655,8.216444,Graduate
-0.43806198,10.095112,Graduate
-2.732156,2.6403193,Graduate
-2.9694264,8.841839,Graduate
-1.5203158,2.9453838,Graduate
1.5902039,5.053372,Graduate
1.3678933,6.0195074,Graduate
-2.5168464,8.875056,Graduate
1.8558402,7.8054376,Graduate
1.550705,7.5837708,Graduate
-0.30351967,10.258535,Dropout
-0.75366163,4.061758,Graduate
-0.36424398,2.1297889,Graduate
1.3500481,6.533714,Graduate
-2.4177773,4.038618,Graduate
-2.1777294,9.189164,Graduate
-3.0061297,10.421108,Graduate
0.04898775,7.8818197,Graduate
1.5904201,5.430396,Graduate
1.0307604,5.964101,Graduate
0.7615147,5.8665843,Graduate
-3.5086832,4.655326,Enrolled
1.90056,7.98729,Graduate
-0.15950912,3.1745653,Graduate
-1.1115808,10.158818,Graduate
0.20811087,3.7140958,Graduate
-3.5183587,10.0325365,Enrolled
2.3023283,5.5422244,Dropout
-2.687127,10.375585,Graduate
-3.858949,10.008135,Enrolled
1.4643978,7.671498,Graduate
0.10620599,7.7193675,Graduate
-3.4491098,8.123819,Graduate
-3.6511881,9.056328,Graduate
-1.5084014,9.3846,Graduate
-0.008044134,6.518618,Graduate
2.536846,5.919218,Graduate
0.17875168,12.151064,Dropout
-2.862369,8.909625,Graduate
-3.5967464,7.518122,Graduate
-3.7444663,3.672231,Graduate
-0.31202698,9.48055,Dropout
-0.5479521,1.922334,Enrolled
-1.6090045,2.6191347,Graduate
1.4485956,6.6334867,Graduate
-1.339294,7.6345882,Enrolled
-3.6696799,3.971043,Graduate
0.4634386,8.909789,Dropout
2.3000066,5.9508333,Graduate
-2.9338124,9.486856,Graduate
2.1830618,7.435815,Graduate
-1.4329051,2.13105,Graduate
0.18829301,13.935254,Dropout
-0.90766335,10.220666,Enrolled
-0.8958848,13.491309,Graduate
-0.09026461,10.142584,Dropout
1.8362862,7.9601727,Graduate
-4.040171,7.772826,Graduate
-0.3019535,2.0779715,Graduate
-3.823552,3.4805655,Graduate
1.5233151,7.457518,Graduate
-2.5336993,2.5021157,Enrolled
-4.071261,3.403577,Graduate
-0.8264528,9.647617,Graduate
-0.10990142,13.176529,Graduate
-1.9822602,9.340801,Enrolled
-2.7948167,4.6604176,Enrolled
-3.9147012,10.092337,Graduate
1.6065946,5.727751,Graduate
-2.75259,9.205682,Graduate
-4.341707,8.528648,Graduate
-0.5558596,9.406587,Dropout
2.2165549,6.4215565,Graduate
-3.8597267,8.162209,Graduate
0.37902263,12.449095,Dropout
-1.5811769,2.5729704,Graduate
-1.1668057,11.05724,Enrolled
0.3757328,6.121899,Graduate
-0.4542811,1.9155444,Graduate
-3.1306436,4.512368,Enrolled
0.24663068,10.797636,Enrolled
0.33241716,6.683494,Graduate
-2.3965373,9.307132,Graduate
-4.8141456,8.032123,Graduate
-1.5451388,9.022647,Enrolled
-1.0991409,4.489316,Enrolled
0.13386889,12.25366,Dropout
-0.35513568,13.352892,Dropout
0.26054338,10.739703,Enrolled
0.37393582,9.0239525,Enrolled
-2.772444,9.936969,Enrolled
-3.2129488,3.3793442,Graduate
-2.432749,7.1012764,Graduate
-0.31445405,2.5877216,Graduate
-3.0749462,4.317004,Graduate
2.3292313,6.059072,Graduate
-1.4325503,7.8192353,Graduate
-0.30395365,9.474341,Dropout
-0.30162397,2.0725977,Graduate
-4.8466945,7.897258,Graduate
-0.2687224,10.789539,Enrolled
-1.1782936,10.19977,Graduate
-0.27926195,3.2084277,Graduate
2.2417078,7.2820754,Graduate
-2.2869008,7.0712166,Graduate
1.1741987,7.9009223,Enrolled
0.602272,6.5135217,Graduate
0.26345628,12.340929,Enrolled
-2.235384,10.986818,Graduate
2.0186353,6.436759,Graduate
-0.33395573,1.9160619,Graduate
-3.1852925,2.424091,Dropout
-4.3373404,9.577069,Graduate
1.8212202,7.2243237,Enrolled
-3.0020106,3.460295,Graduate
-3.1615078,2.4316187,Graduate
-1.8218757,10.682674,Enrolled
-1.7928731,8.244464,Dropout
1.2339846,6.737133,Graduate
-3.9078238,7.3981485,Graduate
-1.0157969,8.697452,Graduate
-0.9495694,8.680124,Enrolled
-0.25561038,2.969861,Graduate
1.90255,6.569992,Graduate
-2.0782218,9.605033,Dropout
-5.1447544,8.190174,Graduate
-2.1649654,11.008386,Graduate
-1.3173776,4.4920206,Graduate
-3.0903256,4.1938524,Graduate
1.7729714,6.4914675,Graduate
-1.5378022,2.7035942,Graduate
0.06725893,3.3721786,Graduate
-4.171659,8.677869,Graduate
-1.3065822,4.5583467,Enrolled
-2.226459,9.316836,Graduate
-2.7842534,9.833744,Graduate
-2.8683138,3.0689855,Graduate
-3.728053,9.964179,Graduate
-1.6621108,3.0781846,Graduate
-2.3004575,7.0911283,Graduate
-2.3553371,8.611328,Graduate
-1.4325784,9.453401,Dropout
-0.17391467,9.696855,Dropout
0.10440382,12.95867,Dropout
-0.27106285,9.004573,Enrolled
-3.7847438,4.193549,Graduate
13.94051,5.600984,Graduate
-1.0589128,8.413102,Graduate
-1.9710147,9.815045,Dropout
-3.3471954,3.2538612,Graduate
-0.7947302,11.220228,Enrolled
-4.0807233,3.3885725,Graduate
2.2660546,7.3326025,Enrolled
-0.62915313,9.095751,Enrolled
-0.29054508,13.202827,Enrolled
-3.3600988,9.168517,Graduate
-0.720153,11.022295,Enrolled
-2.7603905,3.7291358,Graduate
13.911246,5.6311154,Dropout
-3.514603,9.1267395,Graduate
-2.4738173,8.234848,Graduate
-1.8951094,8.504474,Graduate
-3.1596553,2.5585148,Graduate
-4.202143,8.398554,Enrolled
-1.6539745,10.482632,Graduate
0.69992536,6.536048,Graduate
0.061163068,6.602483,Graduate
-0.3572198,10.04968,Graduate
-4.174883,9.300973,Graduate
-0.8336084,8.331688,Enrolled
-1.7097498,9.566518,Enrolled
-0.48585185,13.3434725,Enrolled
0.35249618,12.544666,Dropout
0.8371032,5.63107,Graduate
-0.42147672,1.9702293,Graduate
0.6416057,4.6063685,Enrolled
-2.8199975,9.450008,Graduate
-1.9479634,10.679419,Enrolled
-1.5460126,2.8468049,Graduate
-2.8696008,2.8477898,Graduate
-0.033921625,3.3388934,Graduate
-2.5174208,7.3925204,Graduate
-0.0972978,10.523464,Dropout
-0.69426006,2.4491363,Graduate
-1.1703826,8.806248,Dropout
-2.6377897,3.546587,Graduate
-4.1367936,9.256973,Graduate
0.7558147,5.669066,Graduate
-1.9763621,3.448589,Graduate
-0.98573136,10.14632,Enrolled
-0.37535992,1.9328552,Graduate
1.9292231,5.229197,Graduate
13.956222,5.5832214,Enrolled
-0.8933752,8.539448,Graduate
0.57527894,6.5245843,Dropout
-0.43154958,11.318274,Enrolled
-3.0961535,3.2350867,Enrolled
-0.3625401,11.333531,Enrolled
0.09463313,10.342394,Enrolled
-2.1494682,11.045202,Graduate
-3.6996398,7.467337,Graduate
-0.1787499,9.794046,Graduate
0.32049832,12.301789,Enrolled
-1.8131877,8.684756,Graduate
-3.6481738,3.8643413,Graduate
0.1121727,13.910125,Dropout
1.1212337,6.889235,Graduate
-3.1315734,9.5869465,Graduate
-3.9185705,10.051014,Graduate
0.3300784,10.880031,Dropout
-1.7817452,7.341768,Enrolled
-2.8228204,3.3891838,Graduate
-1.7281482,8.829224,Enrolled
-0.042667195,12.917876,Dropout
-1.0101,8.725351,Enrolled
-3.809337,4.043232,Graduate
-2.0945818,8.42851,Enrolled
-2.6380298,8.793782,Enrolled
-1.3769308,9.117691,Enrolled
0.10625022,13.755432,Dropout
-2.557987,8.890411,Graduate
-2.8039312,9.716523,Graduate
-3.5229034,8.445153,Graduate
-3.5271468,4.9175115,Dropout
13.945781,5.5951257,Dropout
-3.7048893,4.011276,Graduate
-1.8136219,10.973665,Graduate
-4.361013,7.8738966,Graduate
-0.36304265,2.6787026,Graduate
2.4634252,5.8404107,Graduate
-2.7455282,9.739238,Graduate
1.7421807,5.931274,Graduate
-3.0785282,2.641732,Enrolled
-4.3635607,9.0295105,Graduate
1.6317893,6.2755876,Graduate
1.7337333,5.444662,Graduate
0.15634698,12.828175,Dropout
-1.4713206,2.1320539,Graduate
2.180627,6.0872583,Graduate
-2.9743972,9.566639,Graduate
-3.6160824,7.3955903,Graduate
-4.044126,3.6369154,Graduate
1.7952327,6.5035286,Graduate
1.2308499,6.6260858,Graduate
-4.017662,9.531575,Graduate
1.7088042,6.1699367,Graduate
2.2176137,5.4711127,Graduate
-3.862442,4.0638604,Graduate
2.4747543,5.9589105,Graduate
-2.4921064,9.317985,Enrolled
-4.6011786,8.225466,Graduate
-3.7395575,4.4015512,Graduate
0.24892299,12.4550085,Enrolled
1.096301,6.1114526,Graduate
0.12799396,13.555379,Enrolled
0.1826166,3.4219265,Graduate
-0.79010415,2.2823925,Graduate
-4.097931,3.5190823,Graduate
-4.1277432,3.5835922,Graduate
-1.7737287,9.0264435,Enrolled
-2.9045198,8.569845,Enrolled
-3.5062232,8.582512,Graduate
-3.2443645,4.16167,Enrolled
1.5558369,7.8446875,Graduate
2.2195582,6.7386484,Graduate
-4.221609,9.327782,Graduate
-3.0151172,4.485767,Dropout
1.8624046,5.9546285,Graduate
-2.4524262,8.91614,Dropout
-0.6782208,10.487692,Enrolled
-0.72130847,10.496811,Dropout
-3.3402734,9.185152,Graduate
-0.43254814,12.883097,Enrolled
-5.1985035,8.199797,Graduate
-1.3904942,10.058751,Graduate
-0.5345651,10.752059,Graduate
-2.8456595,10.137815,Enrolled
-0.7763692,9.175597,Enrolled
-3.6567032,8.219897,Dropout
0.04413399,10.172056,Dropout
-2.3237133,10.5792,Dropout
0.16485424,13.656602,Dropout
-2.7590878,8.299878,Graduate
-0.33489406,7.509134,Enrolled
-1.6179135,2.6613152,Graduate
-0.05513768,7.963023,Dropout
-2.038698,10.968358,Graduate
2.6375797,6.041105,Graduate
-0.04061613,3.3013225,Graduate
-0.48782006,1.8684343,Graduate
0.4043105,8.656907,Graduate
-4.5500865,7.856436,Graduate
-1.5959835,2.3467474,Graduate
-2.9785376,9.292602,Graduate
-0.65257865,10.030312,Enrolled
1.7653822,6.5856075,Graduate
-0.68684894,11.298131,Dropout
1.0347149,7.91821,Graduate
1.4812278,4.8187804,Graduate
0.21950306,3.0358162,Graduate
0.3439494,7.9011397,Graduate
-4.740745,7.932798,Graduate
-2.567634,10.676665,Graduate
-2.3097484,7.9785023,Graduate
0.23484766,3.7366192,Graduate
-1.6767585,9.767333,Enrolled
-4.3558393,9.789752,Graduate
1.2696489,6.760709,Graduate
-0.73376846,2.3818958,Graduate
-4.2059727,9.847451,Graduate
13.949692,5.5871196,Graduate
0.85630083,6.730343,Graduate
-4.330761,9.837919,Graduate
0.81336784,6.7148843,Graduate
-2.5185964,10.579525,Graduate
1.0070252,7.939081,Graduate
-0.5536361,9.1671,Enrolled
-2.4522693,8.52584,Graduate
0.26485932,13.816854,Enrolled
-2.1538455,7.0901003,Graduate
-0.7150725,11.277041,Dropout
-3.4294672,2.695821,Graduate
-0.14218354,10.38228,Dropout
-3.861723,3.7303796,Graduate
-3.1586618,9.450738,Graduate
-3.2729793,8.066664,Dropout
-2.991565,9.710571,Graduate
-4.542815,8.494272,Dropout
1.7780554,7.9719605,Graduate
-4.2475796,9.361148,Graduate
-2.5876915,2.8637967,Graduate
-2.813613,4.41022,Graduate
1.2555852,6.895314,Graduate
-4.0344896,9.906435,Graduate
-1.9370335,7.2354565,Graduate
-0.20691644,2.5392249,Graduate
-2.5697882,4.3378625,Graduate
-3.1232772,8.612607,Graduate
-3.3161066,3.843197,Graduate
-0.10335701,10.60496,Graduate
-0.036009997,7.9793344,Enrolled
-4.358772,7.9824843,Graduate
1.943911,8.035144,Graduate
2.143043,6.1448236,Enrolled
-1.3997097,8.834153,Enrolled
0.106637254,3.3909876,Graduate
-3.6970572,3.4293225,Graduate
-3.3741899,3.587423,Graduate
-3.8598428,4.022909,Dropout
-0.76634324,2.3228073,Graduate
-0.38722846,2.0584347,Graduate
0.24769537,3.1827407,Dropout
-3.8067822,8.311854,Graduate
-2.547945,3.014855,Graduate
-4.0192943,3.5624342,Graduate
-2.7708533,3.7850986,Graduate
-1.2818052,10.088925,Graduate
-0.15167882,2.1150723,Graduate
-1.625481,9.813647,Enrolled
-1.9893472,9.872078,Graduate
-4.4015336,9.742248,Graduate
0.15792094,10.826028,Dropout
0.32894444,3.3049176,Graduate
1.0225358,6.0254507,Graduate
1.7417815,7.316921,Graduate
-2.4564779,9.575568,Enrolled
-0.45347413,1.8546784,Graduate
2.379096,6.3291817,Graduate
-2.7512283,4.6058574,Enrolled
-2.4203749,10.715033,Graduate
-0.72094816,10.091824,Graduate
-0.18347867,2.7511106,Graduate
0.15398873,13.960174,Dropout
-1.1614166,10.008893,Graduate
1.2281878,6.1993017,Graduate
-0.26813486,2.3535361,Graduate
-0.13019435,9.687683,Enrolled
-0.40350634,10.122906,Graduate
-2.4833086,2.766667,Graduate
0.47563335,4.1912103,Enrolled
13.953186,5.5878806,Enrolled
-1.7043649,2.3711026,Graduate
-2.9042592,3.382367,Graduate
-3.1040456,3.742735,Graduate
1.1640482,4.684564,Graduate
-3.2722456,10.44574,Graduate
0.41304472,5.909392,Graduate
2.0435982,7.1737523,Graduate
-0.10416983,13.898404,Graduate
1.7783009,5.7535934,Graduate
-0.45764416,2.5378149,Graduate
-0.501097,1.854626,Graduate
2.4315624,5.694543,Graduate
0.801209,8.242555,Dropout
-3.355324,2.6501455,Graduate
-2.8801465,10.415939,Dropout
-2.7484303,7.055608,Graduate
1.407757,8.388684,Enrolled
-2.7385623,4.5089264,Enrolled
-3.3195133,2.5822015,Graduate
0.9503464,5.828557,Graduate
-0.9212386,11.180508,Enrolled
-2.844035,4.3798184,Enrolled
-3.1736736,3.6584105,Graduate
-1.3035027,10.790187,Enrolled
0.38723966,12.207277,Dropout
2.2381907,7.3375998,Graduate
-3.1663318,3.4094968,Graduate
-2.299992,8.697241,Graduate
0.52565956,6.467975,Dropout
-2.0764205,10.996304,Graduate
-2.6735523,10.716656,Graduate
-0.6012736,11.211592,Dropout
13.995556,5.5359077,Enrolled
-1.3774936,8.926083,Graduate
-3.349514,9.14906,Graduate
-1.7015886,2.6825294,Graduate
-3.4618673,4.374458,Graduate
0.5474884,7.486223,Graduate
-0.05715816,11.196933,Dropout
-0.13436846,13.162304,Graduate
1.1511108,6.0947356,Graduate
-2.882716,4.434231,Enrolled
-0.34047517,9.483942,Dropout
-1.0764092,13.279855,Graduate
-3.9457207,7.428893,Graduate
-0.023307519,8.187696,Enrolled
-3.5834312,3.882651,Graduate
1.7339262,7.0935965,Graduate
-0.42820904,1.9399775,Graduate
-0.31103626,2.5701666,Graduate
0.47773248,5.8178096,Graduate
-2.0165198,10.349558,Graduate
-1.8055322,9.904665,Graduate
0.0796639,8.143591,Graduate
-0.43886563,13.123621,Graduate
-2.9557393,7.615693,Graduate
13.894319,5.6468086,Dropout
2.2062914,6.2529755,Graduate
0.26748478,12.828333,Dropout
-4.439515,7.8356857,Graduate
-1.747994,7.142283,Graduate
0.74213195,5.705181,Graduate
-1.1765765,9.96653,Graduate
-3.9721332,10.032024,Graduate
-2.6664484,2.9271438,Graduate
-4.282078,8.004585,Graduate
-2.3572369,9.308383,Graduate
-1.5518669,2.8534968,Graduate
-0.17679429,3.2311244,Graduate
-1.6005421,7.233102,Enrolled
-2.8255126,9.597442,Graduate
-3.9003584,9.492464,Graduate
2.2904487,6.8632417,Graduate
-0.27058133,3.1930218,Graduate
1.673501,8.058848,Graduate
-3.4805615,4.8506866,Dropout
-3.288232,9.643559,Enrolled
-3.2348359,8.679741,Graduate
-1.3925323,9.512536,Graduate
-2.7621121,3.6166131,Graduate
1.7682678,7.7457867,Enrolled
-2.6897113,2.457188,Graduate
-0.5879852,10.001057,Enrolled
1.4602209,5.7447195,Graduate
-2.0609007,7.166768,Graduate
1.3482649,6.9864955,Graduate
-2.7214367,2.6565785,Graduate
-2.8448043,3.4193482,Graduate
0.8282966,6.8838964,Graduate
1.7761294,5.3961678,Graduate
-2.30287,9.269135,Enrolled
-3.1239471,3.4728339,Graduate
-0.084774,9.078056,Dropout
-1.7536329,9.539365,Graduate
-0.07521428,10.748983,Enrolled
-5.1873236,8.083656,Graduate
-1.540822,2.5680165,Graduate
-3.9866047,3.5555477,Graduate
-0.5880576,9.872037,Enrolled
-2.849317,2.8555136,Graduate
-1.6332234,9.523071,Enrolled
-0.8495093,4.241614,Enrolled
-0.51877224,13.541518,Enrolled
-0.16594997,3.439708,Graduate
1.2329187,4.85327,Graduate
-0.09868174,13.468695,Dropout
-4.238195,9.113035,Graduate
0.3600469,3.2909226,Enrolled
-2.982635,2.6312766,Graduate
-2.4499767,7.1413083,Graduate
1.0163772,7.9868965,Enrolled
-2.4289365,8.678065,Enrolled
-4.747877,8.004812,Graduate
-0.6164841,9.555932,Dropout
-3.0431955,2.7219045,Graduate
-1.303154,7.6968837,Graduate
-2.5454748,9.412453,Graduate
-1.2384905,8.545238,Enrolled
-2.655667,9.0364,Graduate
-5.0372257,8.079451,Graduate
-2.5740333,8.307042,Graduate
-3.3947175,9.174155,Graduate
-0.14492962,2.1700013,Graduate
-3.1337678,9.538661,Graduate
-3.5040088,8.322801,Graduate
1.4157963,7.645434,Graduate
-2.7850003,8.224102,Enrolled
-0.96429336,2.1373146,Graduate
2.2587612,5.4651623,Graduate
-0.10169402,3.273552,Graduate
-1.9785708,9.8675585,Enrolled
0.14973989,10.471819,Dropout
-2.1713645,10.3334255,Graduate
1.9317961,7.2910013,Graduate
0.34136918,8.9845705,Enrolled
-3.6565907,3.9472592,Graduate
-3.6291144,8.393242,Graduate
-2.215528,8.038409,Dropout
1.7169505,7.933787,Enrolled
2.1875348,5.5129056,Graduate
-3.6762612,10.028494,Graduate
-1.7027541,9.330039,Enrolled
2.5285268,6.3113856,Graduate
-0.17028181,3.177374,Graduate
1.8992835,7.218329,Enrolled
-4.5459223,7.64147,Graduate
-0.037456468,3.4350388,Enrolled
1.8029125,6.551588,Graduate
13.96378,5.5728807,Graduate
-0.990811,10.562001,Dropout
-2.2403991,8.945236,Dropout
-2.1655135,10.613362,Enrolled
-0.6394194,8.991838,Dropout
-2.148435,11.00623,Enrolled
-0.64521843,10.721813,Dropout
-1.7242718,9.403977,Enrolled
-3.9044216,9.514182,Graduate
-1.0561771,9.711434,Enrolled
0.60726714,7.0662556,Graduate
-1.033354,11.042345,Enrolled
1.3219528,6.074613,Graduate
0.7884555,7.275327,Graduate
-0.121975906,8.195766,Graduate
-0.09749524,7.955041,Enrolled
-1.272732,7.689393,Graduate
-3.0368896,2.7612972,Graduate
-1.3336283,7.7707357,Graduate
-4.037977,8.195099,Graduate
-2.3172226,10.972634,Dropout
-3.440912,2.6825557,Graduate
0.04743674,13.484733,Dropout
0.036573373,9.312875,Graduate
-5.0672817,8.337858,Graduate
2.3725724,5.7940383,Graduate
-1.0734084,10.934703,Dropout
-0.45868206,13.404237,Enrolled
-3.6015065,3.8032897,Graduate
-1.9544249,9.039143,Enrolled
-2.099093,10.6381445,Graduate
0.09156278,14.020354,Dropout
0.334557,5.9017363,Graduate
0.6496498,4.637961,Dropout
0.0045496626,6.579011,Graduate
-1.6607562,10.6304245,Enrolled
-0.9317681,10.137823,Enrolled
0.15063797,10.861087,Dropout
-0.7724646,11.169051,Enrolled
-1.8092042,10.958187,Enrolled
-2.413783,3.476888,Enrolled
-1.5291014,9.94338,Dropout
-0.3763316,12.898865,Dropout
-0.24311545,10.244556,Enrolled
-3.5925202,9.813535,Enrolled
-3.939502,8.799892,Graduate
-2.600227,4.1407704,Graduate
-3.6220682,8.512294,Graduate
-1.6960304,10.809577,Graduate
-0.1746741,12.86367,Dropout
-0.42937964,4.137874,Graduate
-0.48383296,2.1096098,Graduate
-0.63491297,2.36115,Graduate
-3.0393596,2.554538,Enrolled
-3.810418,4.0242577,Graduate
-0.3838046,2.886446,Graduate
-2.7812762,10.2497425,Graduate
-0.94122297,10.991749,Enrolled
-3.9824224,7.455599,Graduate
-3.675563,2.8829148,Graduate
-0.49285656,1.8737218,Graduate
-3.9298005,7.8580894,Enrolled
0.9695981,6.4293375,Graduate
13.928092,5.6135263,Enrolled
-3.224807,7.3010945,Graduate
-0.653182,10.162055,Enrolled
-0.52695125,12.962884,Dropout
-2.1939719,10.989056,Dropout
-3.9941924,8.947572,Graduate
-1.3591949,2.5001514,Graduate
2.6780832,6.16367,Graduate
-2.886685,9.276581,Graduate
-1.1018957,2.162745,Graduate
-2.3781872,7.0436783,Graduate
-3.5304887,9.116702,Graduate
0.32824746,6.9075646,Graduate
-5.1144238,8.341741,Graduate
-0.18037626,2.330522,Graduate
-3.500165,3.6949513,Graduate
-3.045319,9.772935,Graduate
1.726923,7.341367,Graduate
0.74908704,5.74843,Graduate
-2.706043,10.761922,Graduate
0.18461853,12.350895,Dropout
-2.6027553,8.381164,Graduate
-2.0277326,8.827108,Dropout
-1.3919044,7.6919665,Dropout
0.27019116,13.668915,Dropout
0.2272487,13.601583,Dropout
-1.5726619,8.964667,Enrolled
-1.1851479,13.104878,Enrolled
1.2048873,6.0867558,Graduate
-1.2023385,8.769344,Enrolled
-1.1303711,10.85789,Graduate
-2.9993513,3.5038462,Graduate
-2.8412452,9.16797,Enrolled
-3.4237287,3.2814424,Dropout
1.1626354,7.841097,Graduate
-0.30327234,3.0253875,Graduate
1.6040003,5.39801,Graduate
1.7865412,8.088062,Graduate
-0.9443171,10.033563,Enrolled
-2.3983488,8.114323,Graduate
-1.6904658,10.25233,Graduate
-2.4230118,8.154103,Graduate
-3.8738577,4.0643196,Dropout
-0.08691196,13.2321005,Enrolled
0.77154833,8.185761,Enrolled
-3.4501815,8.584938,Graduate
-4.5499616,7.559185,Graduate
1.3093531,6.2075872,Graduate
1.387664,8.083499,Enrolled
-0.23273031,12.653764,Dropout
0.8625647,7.344584,Graduate
-0.23240855,12.298157,Dropout
-1.5947084,2.4125516,Graduate
-3.7520452,4.0029597,Graduate
-2.5866547,8.35734,Graduate
1.4113127,7.1946607,Graduate
-0.61029804,10.916331,Dropout
-2.3848617,8.733489,Dropout
-3.6947901,4.2651973,Graduate
-1.0458213,8.891313,Enrolled
-1.8143468,9.179344,Dropout
-0.25629038,13.704935,Graduate
-3.4878292,8.526052,Graduate
-3.591539,9.831291,Graduate
13.990803,5.5461473,Graduate
-2.1212533,9.301103,Graduate
-2.4309108,8.079093,Graduate
-3.375269,2.6642427,Graduate
-4.7768264,8.625701,Graduate
-0.3597232,11.221003,Enrolled
0.17836773,13.836127,Dropout
-0.508116,13.391011,Graduate
-3.4686778,8.429457,Graduate
-4.702051,7.7714267,Graduate
-4.377733,9.645338,Graduate
-0.96597224,8.45129,Enrolled
-4.126324,7.7807426,Graduate
-3.0911174,9.641978,Graduate
-2.9245064,3.3164036,Graduate
-3.3109543,3.815071,Graduate
-4.249303,8.621043,Graduate
-0.045737803,6.6227174,Graduate
-0.3824957,13.29393,Enrolled
-4.606586,8.146988,Graduate
-0.89569306,9.338773,Enrolled
-2.5791712,10.316842,Graduate
1.9271595,7.8117695,Graduate
1.5283208,6.3680706,Graduate
-1.0386397,12.794456,Enrolled
-0.32113922,2.4177573,Graduate
-4.396624,9.4391575,Graduate
-0.9359964,10.277486,Graduate
-2.590039,8.599041,Graduate
-1.8923018,9.45238,Graduate
1.8189551,5.970111,Graduate
-4.01132,9.840346,Graduate
-3.044463,9.098595,Graduate
1.7077258,6.1649137,Dropout
-3.9050508,3.4026513,Graduate
1.7504511,5.255341,Graduate
-2.3202355,3.4749656,Graduate
-2.8265755,4.5725665,Graduate
-1.0311259,10.030023,Dropout
-1.0785819,12.930547,Graduate
1.47538,7.447485,Graduate
0.020249879,2.6057787,Graduate
0.09536637,12.942652,Enrolled
1.9172112,5.991928,Graduate
1.3030514,7.6481214,Dropout
1.6901116,8.1137705,Graduate
-2.2675993,8.738382,Enrolled
1.9641143,6.6271005,Graduate
1.978132,8.0778885,Graduate
1.8429168,7.272905,Graduate
-4.8495436,7.8455777,Graduate
-0.6089894,1.9993807,Graduate
0.028723868,9.06618,Graduate
0.3153317,3.2927785,Graduate
-2.5943136,8.592661,Graduate
-3.4373236,9.903978,Graduate
0.283746,13.661183,Dropout
-2.2752583,8.061536,Graduate
-3.9188054,8.695329,Graduate
0.70507634,7.002198,Graduate
0.5302732,4.2085056,Graduate
-3.8873894,10.154608,Graduate
-2.3470867,8.769688,Graduate
-2.8931592,2.6865902,Graduate
0.5428658,6.331831,Graduate
-3.8747835,10.184302,Graduate
-2.812711,4.0088634,Graduate
1.4914442,4.8247886,Graduate
-2.1228812,7.322743,Graduate
-3.1766796,3.39057,Graduate
-0.2221106,11.197469,Dropout
-4.3435073,9.85314,Graduate
-3.1477087,4.490003,Graduate
-0.16066669,9.643589,Dropout
-0.3308977,8.706135,Graduate
-0.040067933,6.6007037,Graduate
-0.36720765,2.1472013,Graduate
-3.1013968,2.5718763,Graduate
-1.0520977,8.350804,Graduate
0.08018926,6.566009,Graduate
-4.350302,9.704423,Graduate
-4.745882,8.574146,Graduate
-1.7512236,7.1539598,Graduate
2.3044906,7.260423,Graduate
1.7583156,5.7465773,Graduate
2.087001,6.285362,Graduate
-3.7472587,4.151296,Graduate
-1.6906862,2.685428,Graduate
-3.5525975,8.084613,Graduate
-2.6777952,2.5274315,Graduate
-3.8241012,7.8424487,Graduate
2.2118294,6.3425555,Graduate
-3.82319,7.415705,Dropout
1.4295605,4.7710266,Graduate
-3.9876819,3.3242562,Graduate
-5.136185,8.02868,Graduate
-0.87900025,13.500502,Dropout
-0.19442673,13.18849,Dropout
-1.6734571,7.257408,Enrolled
0.36140823,12.584071,Dropout
0.7599878,5.7914305,Graduate
0.3305777,8.115421,Enrolled
-0.9293093,10.417589,Enrolled
-4.8788714,7.974738,Graduate
1.5266905,5.924934,Graduate
-3.0174644,2.5425496,Graduate
-1.5538491,9.878495,Dropout
-3.182434,8.150709,Graduate
-0.21917804,12.978999,Graduate
2.1637769,7.272527,Graduate
-0.41584128,2.5969508,Dropout
-1.5586778,9.191355,Enrolled
0.83133155,6.7700853,Graduate
-1.5552163,10.8915205,Graduate
-3.3943293,2.619383,Graduate
-1.551927,2.532737,Graduate
-3.979444,10.025924,Graduate
0.12147598,13.56143,Enrolled
0.11988649,6.277947,Graduate
-3.9690921,8.391296,Graduate
1.0733947,6.9829144,Graduate
-3.8248792,4.386165,Graduate
-1.5413755,2.1509163,Graduate
-2.91634,9.552913,Graduate
0.2585705,13.933664,Dropout
-4.001509,7.5423646,Graduate
-0.90562606,2.2627478,Graduate
-3.4883318,4.2547197,Graduate
-3.630432,7.5083165,Graduate
-1.227101,4.352459,Graduate
-4.848834,8.46746,Graduate
1.2028588,7.8110065,Graduate
-1.2113274,2.649416,Graduate
0.10666684,10.391379,Enrolled
0.49051028,8.584086,Graduate
0.15975238,7.589541,Graduate
-0.15927252,7.974695,Enrolled
-0.8008623,11.220413,Enrolled
-0.83330387,11.005084,Dropout
-0.65647745,9.190986,Graduate
-2.4691072,7.3869147,Graduate
-0.8473873,10.718462,Enrolled
-3.4070473,2.5545561,Graduate
-3.4741802,9.270783,Graduate
-1.0637649,11.25073,Enrolled
-1.3233935,9.391942,Dropout
-2.4326856,9.138627,Graduate
-0.93520284,10.792473,Dropout
-3.108429,8.513754,Graduate
-3.2311516,3.002008,Graduate
-1.4096223,9.407967,Enrolled
-0.4710192,2.5811124,Graduate
-2.8148873,9.714389,Graduate
-0.10097583,8.293013,Enrolled
-0.7317079,10.153777,Enrolled
-2.1693273,8.4688,Graduate
-1.0864913,9.602588,Enrolled
-0.33889338,7.372827,Enrolled
1.2957177,7.387119,Enrolled
-0.49236414,13.160907,Enrolled
-1.1215186,8.950056,Dropout
-2.5467541,8.455219,Graduate
0.18084335,13.826104,Dropout
1.4869348,7.3263683,Graduate
-0.83030134,9.818283,Graduate
-1.7305261,7.13945,Graduate
-3.956586,8.320217,Graduate
-1.8217221,8.958195,Graduate
-1.6062518,8.917762,Graduate
-0.23288038,12.501663,Enrolled
-3.9249322,10.067636,Enrolled
-2.738216,10.820984,Graduate
1.5369185,5.62507,Graduate
-3.5013351,3.5285168,Graduate
-2.9848883,9.540271,Graduate
-4.26524,8.317374,Dropout
-3.426072,7.6377068,Graduate
-2.4580703,7.967469,Enrolled
-0.94323105,8.526693,Graduate
-1.7007453,8.335925,Graduate
2.037306,6.2470646,Graduate
-3.1779895,8.719776,Enrolled
14.009581,5.5209165,Graduate
-3.423222,4.3031836,Graduate
-2.75025,10.70801,Graduate
-3.2391713,2.7809298,Graduate
-2.6716187,10.314556,Graduate
2.0204744,7.055972,Graduate
-2.4056816,8.356845,Graduate
0.29870278,12.220096,Enrolled
-3.8442254,8.695696,Graduate
-3.38354,8.479033,Graduate
-0.9103592,13.483631,Enrolled
-1.6466316,8.648333,Enrolled
-2.221435,9.480882,Enrolled
-1.9356294,8.746489,Graduate
2.214809,6.1327043,Graduate
0.5594532,7.2596426,Graduate
2.2203052,5.8062477,Graduate
-0.7243052,10.895243,Enrolled
2.0932057,7.2788715,Graduate
-2.239072,9.352379,Enrolled
-3.5834796,8.159187,Graduate
-3.3289104,4.390658,Graduate
-3.1098127,3.4139414,Graduate
0.24575415,13.688946,Dropout
0.60664034,8.403154,Dropout
0.586186,8.304547,Graduate
1.8097999,5.095427,Dropout
-2.1509316,8.734105,Graduate
-2.0378902,4.113585,Enrolled
-2.911766,10.451591,Graduate
-0.6601107,11.287016,Enrolled
-0.758173,10.388222,Dropout
-2.3582773,7.084163,Graduate
-2.6796203,8.808892,Enrolled
-3.395572,4.639095,Graduate
2.0887272,5.8997326,Graduate
-0.9088247,9.286237,Enrolled
-0.8100023,11.213896,Enrolled
-2.864633,7.174263,Graduate
-2.5411305,3.1635559,Graduate
-4.232031,9.283043,Dropout
0.5627118,7.3464413,Graduate
-1.4746637,2.8396494,Graduate
1.1433998,6.358585,Graduate
2.2010229,5.5585814,Graduate
-4.19459,9.275877,Graduate
-1.13397,8.666701,Graduate
-4.170815,7.7001767,Graduate
1.6586176,8.011955,Graduate
-0.33196092,13.184092,Graduate
0.35509622,8.487782,Graduate
2.3147817,6.8303514,Graduate
-3.9961479,8.04365,Graduate
1.9220889,7.994329,Graduate
-1.5454345,2.453974,Graduate
-4.0130367,7.7700667,Graduate
-4.229015,8.579998,Graduate
2.089437,5.755198,Graduate
0.6852582,6.2678328,Enrolled
-4.4326754,8.043401,Dropout
-3.0728405,3.1823852,Graduate
-0.48231333,1.883552,Graduate
1.0736179,6.0966344,Graduate
-3.3738563,3.3601568,Graduate
-0.46396077,13.185142,Graduate
2.2544641,5.5724053,Graduate
-4.453169,8.062464,Graduate
1.6361301,5.531093,Graduate
-4.3525357,8.1428385,Graduate
13.948526,5.590609,Enrolled
-4.549655,8.383753,Graduate
-0.29859945,9.629314,Dropout
-0.03336401,13.882733,Enrolled
-2.463553,3.9487758,Dropout
0.89065725,6.634361,Graduate
-0.24195842,12.826722,Dropout
-1.9305575,9.87516,Enrolled
1.0887507,5.45456,Dropout
-0.028210716,10.072821,Enrolled
-4.2015758,9.752411,Graduate
0.25751218,10.933909,Dropout
-1.8279228,7.1725373,Dropout
-3.2070236,4.01356,Graduate
-1.4726413,9.269627,Graduate
-0.11178926,13.065599,Dropout
1.392753,7.7121263,Graduate
1.410899,5.1330013,Dropout
2.3671024,6.8881874,Graduate
-4.081177,3.4447882,Graduate
-3.4582143,8.191915,Enrolled
-0.04342057,8.245801,Enrolled
13.903967,5.6380763,Dropout
-2.5784597,9.019158,Enrolled
-3.3357947,9.249813,Graduate
2.0338802,6.407092,Graduate
13.924711,5.616811,Dropout
-3.2990458,4.4557695,Enrolled
-0.186471,7.224079,Graduate
-2.1044095,3.7862473,Graduate
-4.231905,9.924975,Enrolled
1.6494277,7.8115773,Dropout
0.07791789,13.073278,Dropout
-0.5198992,9.132089,Dropout
1.2545942,7.2654824,Graduate
-2.3625922,9.617007,Enrolled
-1.0553621,10.820332,Graduate
-0.87383175,10.762695,Enrolled
-4.0082674,8.031048,Graduate
0.6536809,6.5053816,Graduate
-2.7153347,2.4702358,Graduate
-2.551193,10.767851,Graduate
-4.5587254,8.501541,Graduate
-3.8167348,9.989498,Graduate
-2.1391993,8.753025,Graduate
-0.90764236,13.508554,Dropout
-3.877479,4.0950875,Graduate
2.279618,5.6935315,Graduate
-0.51244575,10.109131,Enrolled
-1.4217582,10.33312,Enrolled
0.03821747,10.739513,Dropout
-0.25190926,10.379872,Enrolled
-0.31228635,2.8012557,Graduate
-0.8463322,13.49179,Enrolled
-3.5026824,8.1782255,Graduate
-3.9512553,10.134327,Graduate
-3.226248,2.665936,Enrolled
-0.7788598,13.575088,Graduate
0.08389567,13.014727,Dropout
-1.8613375,10.185751,Graduate
2.4358366,5.84119,Graduate
-4.3167434,8.033504,Graduate
1.6973724,6.978658,Graduate
-0.15373974,13.623824,Dropout
-4.9244175,8.361376,Graduate
0.27871662,12.195443,Dropout
13.949885,5.589298,Enrolled
-1.3918563,7.6918406,Graduate
-0.19620007,2.1724694,Graduate
-1.8773005,9.17065,Enrolled
1.2932125,7.4941683,Graduate
-0.48975143,2.6234531,Graduate
0.4194932,12.339008,Dropout
-0.17839588,9.616117,Enrolled
-3.5903904,9.308209,Enrolled
-1.670525,11.058446,Enrolled
0.31676897,12.271427,Dropout
-3.121851,8.685393,Graduate
-4.1157413,9.791096,Graduate
-4.1056395,7.8710446,Graduate
1.2085699,5.945916,Graduate
-4.140886,7.8037214,Graduate
2.0082605,7.1878724,Graduate
-3.9592674,8.625258,Enrolled
2.0261548,6.708299,Graduate
-0.015296262,6.57344,Graduate
-0.17747986,12.5298815,Graduate
0.07144507,7.9237967,Graduate
-4.7519317,8.045255,Graduate
1.9584601,8.21255,Enrolled
1.498913,7.424115,Enrolled
-1.2068412,10.389657,Dropout
1.8291856,5.875711,Graduate
-4.149476,9.1618185,Enrolled
-2.8829582,10.387002,Enrolled
-2.6029353,8.42173,Graduate
-4.2345285,7.72891,Graduate
-0.06001062,9.307117,Enrolled
-4.2461557,9.022539,Graduate
0.23799773,3.4395506,Dropout
-3.8459811,7.8104844,Graduate
-3.0187533,7.3424654,Graduate
-2.6762354,10.3756075,Graduate
0.72199595,8.242386,Dropout
0.23764004,6.033993,Graduate
1.4882284,6.647951,Graduate
1.8646202,5.862154,Graduate
-3.6244543,4.0302796,Graduate
1.7328917,6.8325152,Graduate
-3.5132172,8.1174135,Graduate
0.21666478,13.642288,Dropout
-4.612146,8.40978,Graduate
-2.7629273,3.5178356,Graduate
0.48502496,5.8216314,Graduate
-1.6226351,10.671467,Graduate
-4.165673,8.973202,Graduate
1.3935248,7.6775923,Graduate
-3.1127017,3.3527439,Graduate
-0.45110664,10.374961,Dropout
-1.1712809,13.022854,Graduate
-3.7317553,3.93607,Graduate
2.2197773,5.8766847,Graduate
-3.6518524,8.677031,Graduate
2.4534585,5.8741236,Graduate
-3.554026,8.8558445,Graduate
-1.2045802,9.48056,Enrolled
-0.6476459,9.961639,Enrolled
0.065181285,3.3194594,Graduate
-4.11474,8.870707,Graduate
-3.0199797,9.581111,Graduate
-0.8625975,8.765055,Enrolled
-3.7961261,8.321704,Graduate
-2.8762875,3.5487244,Enrolled
-3.3357995,2.5048373,Graduate
1.7285198,6.1329684,Dropout
-0.35859138,2.6650915,Dropout
-1.1197885,12.885538,Graduate
-3.1020977,8.985025,Dropout
-2.9563162,7.5502243,Graduate
-2.8166666,3.5113356,Graduate
1.531919,6.2054057,Graduate
-3.8568745,3.903022,Graduate
-2.1020815,10.913403,Graduate
-4.0480323,3.801249,Graduate
-1.2435449,9.028412,Dropout
0.2705222,3.1553967,Graduate
-4.1778946,9.78165,Graduate
-2.3379133,9.292755,Graduate
2.1217036,5.91503,Graduate
-3.8329494,9.953752,Graduate
0.07211465,13.925422,Dropout
2.0722997,5.7336907,Dropout
-1.4808377,9.405818,Graduate
-1.2265553,10.887293,Enrolled
0.71629655,6.7561975,Graduate
-1.8500943,10.714504,Graduate
-0.32130674,10.728006,Enrolled
2.2161646,5.996844,Graduate
1.8842992,6.439203,Graduate
2.2631717,5.6477714,Graduate
-0.35293886,2.8866177,Graduate
-2.3803375,7.0531588,Enrolled
0.7602863,8.218429,Dropout
1.176045,7.295561,Graduate
0.78863114,8.1767025,Enrolled
-2.4262676,10.892016,Graduate
13.953555,5.5797324,Graduate
-1.104491,7.9107175,Graduate
-0.7728241,9.898731,Graduate
0.6275097,4.623592,Enrolled
-1.2399361,9.985314,Enrolled
-2.6248858,2.6775591,Graduate
-2.7995281,3.6251895,Graduate
-1.7519203,9.720262,Enrolled
-1.882089,7.196524,Graduate
1.9591739,5.773678,Graduate
-0.94345784,9.768812,Graduate
-1.6903763,2.722849,Graduate
-5.1815357,7.9959564,Graduate
-0.5775916,2.4395633,Graduate
-0.6347581,9.598393,Enrolled
-2.64398,10.637096,Graduate
1.9068569,6.542756,Graduate
-2.117637,9.2079525,Graduate
-1.4557799,2.9417884,Graduate
-3.6587715,7.379026,Graduate
-3.1533391,3.9371588,Enrolled
-2.5656462,7.1449394,Graduate
0.43917477,8.602134,Enrolled
-2.9708502,8.352129,Graduate
-2.216991,10.629147,Graduate
-1.4795836,2.224703,Graduate
0.45187142,6.8127584,Graduate
-0.75487757,8.899392,Enrolled
-0.68372035,9.785481,Enrolled
-0.25905794,11.317274,Enrolled
-0.24632533,11.031681,Dropout
-1.249233,10.521336,Enrolled
-0.59082276,10.480273,Enrolled
1.4184238,6.1769376,Graduate
-1.0623785,9.264592,Dropout
14.006552,5.5310154,Dropout
-0.124389924,13.520176,Dropout
-1.8130089,3.4531734,Graduate
1.7792457,7.9722185,Graduate
0.17055477,13.926942,Dropout
-0.14399654,13.199301,Dropout
0.3539437,4.700964,Graduate
2.2299743,6.2251983,Dropout
-3.5960312,3.4655092,Graduate
0.62289137,4.653915,Enrolled
-3.8973544,7.4090047,Graduate
1.678894,7.508378,Graduate
-2.628266,9.959814,Dropout
-0.5891667,9.071477,Enrolled
-1.2579083,8.683448,Enrolled
-3.3791962,3.5854309,Graduate
-3.6863377,7.6639605,Graduate
-2.2891285,9.265438,Enrolled
-0.12649067,10.203288,Dropout
-2.730948,10.209291,Graduate
-0.12095346,13.124335,Dropout
-0.07964088,13.774619,Dropout
-0.82710385,9.702252,Graduate
1.5162326,7.4603,Graduate
0.16614546,12.94442,Dropout
1.6135662,5.4284244,Graduate
-0.4978495,13.32033,Graduate
0.087192304,3.5430167,Graduate
-3.3720362,3.1584857,Graduate
-1.930948,7.3159757,Graduate
-3.3874738,2.5308423,Graduate
-2.7352445,2.528828,Graduate
-3.8418517,8.882315,Graduate
-1.6381646,11.079657,Enrolled
1.0480692,6.2964344,Graduate
-0.8053402,2.3188546,Graduate
-0.31040433,9.650026,Dropout
-0.5246812,13.395694,Dropout
1.2768366,6.017135,Graduate
-4.527367,7.7266507,Graduate
-5.200727,8.168125,Graduate
-5.2017922,8.154966,Graduate
-2.5576723,10.733975,Graduate
2.2896883,7.280617,Graduate
-0.21131827,9.63487,Dropout
-3.0486584,10.481067,Graduate
-2.2459302,7.931402,Enrolled
13.928596,5.608471,Graduate
-3.2910976,3.556826,Enrolled
-2.1108038,3.7779403,Enrolled
0.50463814,4.208483,Enrolled
0.22540787,13.643292,Dropout
-2.9678836,8.435493,Graduate
-0.48346362,2.1145515,Graduate
-1.6666584,2.6239402,Graduate
-2.5777264,7.2719355,Graduate
-4.2921324,7.6560483,Dropout
-2.8680696,8.878962,Enrolled
-0.064401045,13.021167,Graduate
-0.06757073,8.023092,Graduate
-0.7267337,12.932295,Dropout
-2.1744883,10.495341,Enrolled
0.4083548,7.5333395,Graduate
-1.8447498,8.953086,Enrolled
0.112650424,13.624566,Enrolled
-1.0976768,10.913804,Enrolled
0.17136455,10.966004,Dropout
-1.8218069,8.167085,Graduate
1.2462807,7.0691066,Graduate
-1.0863646,2.1937597,Graduate
-1.7467542,10.780623,Enrolled
2.091471,5.6680903,Graduate
-1.5202634,9.555214,Dropout
0.32633677,12.233299,Dropout
13.924867,5.615865,Enrolled
-0.012576891,12.716042,Dropout
2.0703568,6.1523857,Graduate
2.1803312,7.0112896,Graduate
2.3934941,6.838973,Graduate
2.6763914,6.111287,Graduate
0.27701434,3.6892343,Graduate
-1.5444461,8.352726,Dropout
2.2815025,5.7263656,Graduate
-0.041779928,7.9305677,Graduate
-4.054238,3.7031198,Graduate
-2.1914077,8.471214,Graduate
0.4004986,8.660933,Enrolled
-2.5326774,2.8676076,Graduate
-2.7372675,3.6944668,Graduate
0.8706988,6.697076,Graduate
2.229185,7.2513375,Graduate
-1.5755986,10.922846,Enrolled
-0.9288453,2.2449875,Graduate
1.430024,6.81008,Graduate
0.8192005,5.713328,Graduate
-1.707523,7.192517,Enrolled
-2.6548197,7.0304055,Graduate
-1.9357876,9.914585,Enrolled
-0.16127546,2.3174076,Graduate
-3.611569,8.221981,Enrolled
0.14856394,3.22884,Graduate
-2.489534,7.1370726,Enrolled
-0.5706286,2.5789907,Graduate
0.2607745,6.1948075,Graduate
-0.32919088,2.2954774,Graduate
-0.25024748,12.799512,Dropout
-2.4334614,9.308004,Graduate
-3.44359,2.6117156,Graduate
0.4347987,5.767567,Graduate
1.6562275,5.5624185,Dropout
-3.537687,9.484275,Graduate
1.0232639,5.9939466,Graduate
0.19990511,10.39946,Dropout
-2.7170498,4.35247,Enrolled
-0.94759756,10.045306,Enrolled
-4.4502797,8.278009,Graduate
-3.9088504,7.3922963,Dropout
1.7494677,5.441976,Graduate
-0.15554205,2.0756326,Graduate
13.999452,5.535653,Enrolled
-0.40399557,13.464551,Enrolled
-2.3995132,7.106139,Graduate
-2.7824776,9.421041,Graduate
1.566241,4.8552737,Graduate
-1.4767476,9.915208,Enrolled
-4.1526804,9.352056,Graduate
-1.4820083,10.989058,Enrolled
13.941897,5.597493,Enrolled
2.061112,6.0745797,Graduate
-1.2486064,2.5257535,Graduate
-2.8766117,2.542059,Graduate
-2.334004,10.369945,Graduate
2.16121,7.2982965,Graduate
-3.0384142,8.49307,Graduate
-0.03616499,6.5607266,Graduate
1.9091944,7.906,Dropout
-0.9343431,13.372445,Graduate
0.8561017,6.894955,Graduate
-2.5461123,10.818469,Graduate
1.8780662,8.042564,Enrolled
-0.41475293,9.5394,Enrolled
1.4005421,5.8479624,Graduate
-1.696212,8.342284,Dropout
-0.9641608,11.180694,Dropout
-2.907587,4.393138,Enrolled
-4.0823765,9.493806,Graduate
-4.040522,8.379343,Graduate
-0.32657406,13.203295,Dropout
-0.41909227,13.2785,Enrolled
1.5157446,4.8210654,Graduate
-3.271222,8.392254,Graduate
-0.6592139,9.296896,Dropout
-0.60799265,13.434495,Enrolled
-4.0481305,7.827579,Graduate
2.611709,6.100758,Graduate
-3.5140166,8.128184,Graduate
-2.13972,10.707324,Graduate
0.36250433,6.144603,Graduate
2.225111,6.495986,Graduate
-3.7422445,4.19937,Enrolled
-0.53372407,13.077504,Dropout
-4.2861648,8.587708,Graduate
-2.9965506,7.583604,Graduate
-2.0692968,7.149076,Graduate
-1.742474,9.188547,Graduate
-3.3539903,8.595895,Dropout
-3.678369,8.76556,Graduate
-0.61113507,10.482312,Dropout
0.08649289,12.982214,Dropout
-1.1956575,13.005251,Enrolled
-0.69250643,13.388769,Dropout
2.2415173,6.1807303,Graduate
-0.35243848,1.8445401,Graduate
1.7112887,5.5680647,Graduate
-1.1835654,10.559104,Graduate
0.16741443,10.910952,Enrolled
-1.0848138,12.885245,Graduate
0.31465468,3.2963052,Graduate
0.22590841,13.97051,Dropout
-2.1133327,10.397455,Graduate
-4.195058,9.230236,Graduate
1.0999238,6.0994205,Graduate
1.8257941,5.448231,Graduate
2.2663717,6.79172,Graduate
-4.210662,9.340537,Graduate
-1.5678544,2.5434043,Graduate
-4.272123,8.744076,Graduate
14.080142,5.4359775,Graduate
-1.7156776,10.725954,Graduate
-0.1839041,3.5100884,Graduate
-2.626267,4.2556458,Graduate
1.1323994,6.218611,Graduate
-4.0304737,9.902634,Graduate
0.94034374,6.375275,Graduate
-2.5665941,8.282823,Dropout
-2.237262,8.0973,Graduate
-0.80150753,10.108381,Enrolled
-2.1907344,3.6148348,Graduate
-1.3615063,7.7058587,Enrolled
-4.2103167,9.527745,Graduate
-2.4765487,8.421166,Dropout
-0.77577865,9.171859,Graduate
-2.033308,11.076984,Dropout
-0.60037655,9.23282,Dropout
-0.64116263,10.61123,Enrolled
1.9390695,7.8475037,Dropout
-1.0021589,4.200575,Graduate
-5.139809,8.157954,Graduate
-1.7053843,8.78075,Enrolled
-1.0104042,8.775428,Enrolled
-1.8590481,8.403268,Dropout
-1.6247718,8.397314,Enrolled
2.3562944,6.679126,Graduate
-0.07234906,2.33811,Graduate
-3.0352037,3.391133,Graduate
-2.1956906,7.1415215,Graduate
-3.3660169,2.4967794,Graduate
2.377081,6.2054152,Graduate
0.4631925,6.7713532,Graduate
0.93312603,8.036667,Graduate
-0.09270801,3.5472283,Graduate
0.018073693,6.604931,Graduate
-1.7504393,9.534041,Enrolled
1.7380428,6.0577917,Dropout
1.8851832,6.766967,Graduate
-2.2112467,7.161473,Graduate
-3.7939305,4.154648,Graduate
1.5838617,5.683978,Graduate
-3.1379533,4.5300274,Graduate
0.44972348,3.378332,Enrolled
-3.2099788,2.476499,Graduate
-3.8944778,9.957517,Graduate
-3.1924236,8.743754,Graduate
-4.2381816,8.127255,Graduate
-1.6891365,2.489793,Graduate
-4.5471044,8.301022,Graduate
0.62886673,4.5901065,Enrolled
-3.4335973,2.5879493,Enrolled
-0.51878667,10.555354,Dropout
1.6198201,5.6654835,Dropout
-3.8303754,4.1669006,Graduate
-2.8498838,8.945451,Enrolled
0.9905678,7.318016,Graduate
-0.051128015,12.618045,Dropout
-0.0949999,11.233727,Dropout
1.27533,8.367318,Enrolled
-0.46040627,8.984193,Enrolled
-0.16054173,11.265457,Dropout
-2.487716,10.444227,Graduate
-4.2783656,9.8376665,Graduate
-0.048435155,6.5343623,Graduate
-3.6205242,9.981912,Graduate
-3.6039789,3.2643769,Graduate
-2.8649416,8.481118,Graduate
2.1623166,7.070726,Graduate
-3.9051538,3.618582,Dropout
2.0141935,6.7001066,Graduate
0.046783153,13.994099,Dropout
1.2899945,8.28648,Graduate
-1.0810463,12.686632,Graduate
2.3225608,6.2208757,Enrolled
0.6198606,8.244791,Enrolled
-1.5052485,2.4758246,Graduate
1.1774803,7.0046067,Graduate
1.6131911,4.904934,Graduate
-1.7149537,2.4999657,Graduate
1.5881591,4.8575554,Graduate
0.1568425,9.479449,Enrolled
-1.4875213,2.8594415,Graduate
-1.8459725,9.582714,Enrolled
-4.346655,8.47875,Graduate
-4.5841503,8.4503975,Graduate
-3.5038607,4.3502817,Graduate
1.4130204,7.717512,Graduate
0.09512437,13.872574,Dropout
-1.6577773,8.571142,Enrolled
-3.458164,8.537698,Graduate
0.3206984,12.262253,Enrolled
-0.86345094,9.57058,Enrolled
-0.4384869,10.740882,Enrolled
-3.7932136,3.972363,Graduate
-1.574837,9.301707,Graduate
2.4221287,6.56065,Graduate
1.6968971,5.336695,Dropout
0.055772636,10.310582,Dropout
1.5533158,5.6114397,Graduate
-5.03298,8.369917,Graduate
0.3227341,13.678,Dropout
-0.31549573,2.4126945,Graduate
-3.393503,9.472426,Graduate
-2.7808359,4.3622403,Graduate
13.905703,5.6320033,Graduate
-2.5527377,2.8610685,Graduate
1.4484483,4.761643,Graduate
-0.37481835,1.9991208,Graduate
-4.2543015,7.6247044,Graduate
-2.4462698,3.9525619,Graduate
1.7015178,5.6729274,Graduate
-3.7123685,9.760258,Graduate
-0.7384425,9.949901,Graduate
-4.259772,7.686263,Graduate
-0.19593297,9.717656,Dropout
-0.010666244,9.815359,Dropout
1.6182865,4.928398,Graduate
2.674464,6.0380406,Graduate
-0.26310217,10.744166,Enrolled
-0.84118825,2.26706,Graduate
-0.10380964,10.010289,Dropout
2.3058355,6.32761,Graduate
-0.14179598,2.2368872,Graduate
1.5431069,7.0900064,Graduate
-0.9192534,13.323267,Graduate
-3.26334,10.020785,Graduate
2.4314356,6.590103,Graduate
0.21862113,8.950311,Enrolled
1.570859,5.4805923,Graduate
-3.1180131,4.5684075,Graduate
-2.0171664,7.072487,Graduate
-4.2953963,9.848815,Graduate
-2.658012,3.0132442,Enrolled
0.24958576,6.401089,Graduate
-0.30204737,3.013586,Graduate
0.21721432,11.944724,Dropout
1.1021763,5.545655,Graduate
-1.6000817,8.376185,Dropout
-4.2386127,7.6109977,Graduate
-1.8505205,8.833322,Graduate
-1.5427473,2.8946738,Graduate
0.87680537,6.3724856,Graduate
-2.4306881,9.2667055,Graduate
-3.928308,3.776531,Graduate
-0.12608911,9.842503,Dropout
0.41256234,6.75869,Graduate
-1.6807164,2.5568447,Graduate
-1.3870206,2.7394764,Graduate
1.9634355,5.1796217,Enrolled
-1.081126,10.334093,Enrolled
0.017499208,6.6271996,Graduate
2.6924276,6.0570693,Graduate
-1.8009329,10.792452,Enrolled
-4.2934465,7.934022,Graduate
-3.4034514,9.248883,Graduate
-3.1656926,3.392875,Graduate
-2.0777473,9.495699,Graduate
-0.90735596,2.2502117,Graduate
-2.844307,3.5383067,Graduate
-3.9174514,8.475544,Graduate
-2.871298,9.541631,Enrolled
-0.83763075,13.401692,Enrolled
-2.805029,2.5253198,Graduate
-2.8576772,10.762677,Graduate
-1.6868062,9.8443165,Graduate
-1.5272576,10.159885,Graduate
-2.0938377,3.520537,Enrolled
-1.6621878,10.914651,Enrolled
1.5635676,4.8653984,Graduate
-3.3375816,4.165203,Graduate
-0.48344547,8.283512,Enrolled
0.62651706,8.160502,Graduate
-0.5276815,10.162061,Dropout
-0.05731897,8.286677,Graduate
-2.075566,4.0726495,Enrolled
-0.1582849,11.265217,Enrolled
-4.5542145,7.691016,Graduate
-0.39193797,13.385047,Graduate
-0.03948527,9.746008,Dropout
-1.4493723,2.841241,Enrolled
0.3396026,3.3215306,Graduate
1.652283,5.5718427,Graduate
-4.21415,9.913889,Graduate
14.041395,5.490631,Enrolled
-4.3547277,8.287727,Graduate
-0.8466313,10.257309,Graduate
-0.15777647,11.029427,Enrolled
-0.3898086,2.9149458,Graduate
-2.4980893,3.230169,Graduate
2.073587,6.3326874,Graduate
-0.38084206,13.330667,Enrolled
-1.6314915,2.7194486,Graduate
0.36092022,12.568295,Enrolled
-0.6207997,10.092968,Graduate
-1.5105416,9.76459,Enrolled
0.7446549,7.1821656,Graduate
-1.6206468,2.3981993,Graduate
-0.7485107,9.291571,Enrolled
-0.11314851,3.238877,Graduate
-0.5780844,10.106374,Dropout
-5.00726,8.2998085,Graduate
0.19188179,6.342159,Graduate
-1.0019445,2.1527946,Graduate
0.6042344,7.123618,Graduate
1.4894401,5.6054626,Graduate
-4.110628,9.057961,Graduate
-0.43956554,12.862039,Graduate
-0.65190464,2.3602865,Graduate
1.6003046,6.0944757,Graduate
-4.0658855,8.490737,Enrolled
-4.3585978,8.243379,Graduate
-4.2949834,9.808385,Graduate
-1.3146542,2.5414405,Graduate
13.934773,5.6050515,Enrolled
0.175372,13.551522,Dropout
-0.5170881,10.536503,Enrolled
-1.3184612,10.587014,Enrolled
2.3078027,6.5081415,Graduate
-2.582945,8.458586,Graduate
-0.1699531,13.905492,Dropout
0.3331814,12.239398,Dropout
-1.6414311,11.092938,Dropout
-2.9311962,3.6902828,Graduate
0.2740234,10.787366,Dropout
-1.6426798,8.543048,Graduate
1.475054,7.6157517,Graduate
14.019074,5.5215716,Dropout
-0.89540136,10.443909,Enrolled
2.1683998,6.1174884,Graduate
-1.6535712,2.4951706,Graduate
-1.5593151,10.933245,Enrolled
-2.8662817,8.883992,Enrolled
-4.2257953,9.037067,Graduate
-0.6574541,10.886403,Dropout
-2.0548239,3.6582017,Enrolled
-2.3811958,9.146172,Graduate
2.0709426,6.307555,Graduate
-0.09738119,11.240332,Dropout
-0.013819911,10.486302,Dropout
1.5152706,7.0432334,Graduate
-0.045029692,6.6021886,Graduate
-1.4858781,2.1833596,Graduate
-0.171539,8.029856,Graduate
-3.5763776,9.120694,Graduate
1.0443438,7.31385,Dropout
-1.7269552,7.047631,Graduate
-0.594442,11.101769,Enrolled
0.20888193,10.681234,Enrolled
1.8384734,7.933404,Enrolled
-3.2170172,3.3434396,Graduate
-0.4006927,9.571242,Dropout
-3.4728854,4.9248576,Enrolled
-4.2431154,8.412565,Graduate
-3.7658317,4.1332693,Graduate
-4.5241055,8.634824,Graduate
0.40443194,12.163762,Dropout
-4.033013,3.645608,Graduate
-0.5954809,10.004752,Enrolled
-2.6592433,8.966858,Graduate
-2.8995087,7.8923807,Graduate
-2.3765743,9.257417,Enrolled
-0.47046348,9.840826,Enrolled
13.928625,5.60592,Dropout
-3.0379193,2.606054,Graduate
-1.5529816,11.139399,Dropout
-3.103632,9.586146,Graduate
-1.9381336,10.4022,Enrolled
13.914255,5.6265564,Graduate
2.228642,5.795402,Graduate
1.5842514,5.3625107,Graduate
-1.8340176,3.4959474,Graduate
-0.8645559,10.90093,Enrolled
-2.3357687,7.066398,Graduate
1.0572889,6.520055,Graduate
-2.1280077,8.249258,Dropout
